variant,median_rmsep,median_delta_pct,wins,losses,n_pairs,wilcoxon_p
Stack-Ridge-PLS-V1c,0.4888867610185661,0.3809235007448228,4,5,9,0.65234375
Stack-Ridge-PLS-V1aHead,0.5072086163286914,0.5698586446800589,2,7,9,0.0546875
Stack-Ridge-PLS,0.5076825548945352,0.6638316826741177,1,8,9,0.01171875
PLS-baseline,0.5043338505063578,1.9607512345198463,2,7,9,0.01953125
NiconV1c-concat-bjerrum,0.7873711377145198,56.120778456047795,0,9,9,0.00390625
