dataset,NiconV1c-concat-bjerrum,PLS-baseline,Ridge-baseline,Stack-Ridge-PLS,Stack-Ridge-PLS-V1aHead,Stack-Ridge-PLS-V1c
ALPINE_P_291_KS,0.7597074233813323,0.05387300313457466,0.0,0.007192278928570328,0.008247019187521909,0.006537469856727318
Beer_OriginalExtract_60_KS,0.5612077845604779,-1.5295031479123367e-06,0.0,0.0066383168267412085,0.0056985864468006575,-0.03063018123039296
Rice_Amylose_313_YbasedSplit,0.4141072406401405,0.01960751234519842,0.0,0.007801257191337729,0.016476965200902915,0.02075283684521545
