variant,median_rmsep,median_delta_pct_vs_control,wins_vs_control,losses_vs_control,n_pairs,wilcoxon_p_vs_control,n_ref_datasets_ridge,n_ref_pairs_ridge,med_delta_vs_ridge_pct,n_ref_datasets_pls,n_ref_pairs_pls,med_delta_vs_pls_pct,n_ref_datasets_tabpfn_raw,n_ref_pairs_tabpfn_raw,med_delta_vs_tabpfn_raw_pct,n_ref_datasets_tabpfn_opt,n_ref_pairs_tabpfn_opt,med_delta_vs_tabpfn_opt_pct,n_ref_datasets_cnn,n_ref_pairs_cnn,med_delta_vs_cnn_pct,n_ref_datasets_catboost,n_ref_pairs_catboost,med_delta_vs_catboost_pct,n_ref_datasets_aom_ridge_curated_best,n_ref_pairs_aom_ridge_curated_best,med_delta_vs_aom_ridge_curated_best_pct
Ridge-baseline,2.8959971638913737,0.0,-1,-1,10,,10,10,10.660070519500554,10,10,8.668987213308725,10,10,10.065089990502804,10,10,34.71945964240462,9,9,4.4672804070698025,10,10,3.107105294509415,7,7,7.621422799848308
PLS-baseline,2.873588232619184,2.0425692577622407,3,7,10,0.845703125,10,10,6.12956006939296,10,10,3.9550149137164246,10,10,6.549304973333485,10,10,23.07491042924242,9,9,6.624937619799483,10,10,4.014996556847001,7,7,7.191616577619418
V2L-learnableRMS,3.1570072936955036,11.722214083760887,4,6,10,0.76953125,10,10,18.08048334183563,10,10,13.122653798950996,10,10,17.962315379349874,10,10,45.50689181382949,9,9,5.505248774299035,10,10,10.204022575546755,7,7,29.375017661778784
V7-TTA-V2L,3.165721120968226,12.23623667569955,3,7,10,0.556640625,10,10,19.470883269399387,10,10,14.7368627374224,10,10,17.881152341598778,10,10,47.85981911396831,9,9,5.528403865765805,10,10,11.160598955375098,7,7,29.454556348022333
V2M-deeper,3.193945925939654,13.005667127881093,3,7,10,0.625,10,10,26.1122954161931,10,10,22.11925295908457,10,10,17.691382359664843,10,10,45.587099680753376,9,9,10.777997342685657,10,10,19.208559990638307,7,7,26.621547379711796
V6-Distill-AOMPLS,3.1956108729537074,13.054161921937723,3,7,10,0.625,10,10,24.102475042963484,10,10,18.44860557246505,10,10,19.602099770291844,10,10,45.4555168924851,9,9,8.60330062060201,10,10,15.833122317082129,7,7,26.395729893893176
V3-AOMTransformer,3.163407585327417,17.180747101895665,3,7,10,0.6953125,10,10,28.896125821397046,10,10,25.531447273207846,10,10,22.32035101670809,10,10,51.02091775549644,9,9,11.972222459180129,10,10,23.639378126603024,7,7,29.229039066690266
V6-Distill-V2M,3.190047608826046,18.582670648528822,3,7,10,0.625,10,10,26.378474468050893,10,10,23.822717424233282,10,10,17.81881540573142,10,10,45.5163093182158,9,9,11.807789094842496,10,10,20.84138396624759,7,7,28.17809225693853
