Running Sphinx v8.2.3
loading translations [en]... done
making output directory... done
loading intersphinx inventory 'python' from https://docs.python.org/3/objects.inv ...
loading intersphinx inventory 'numpy' from https://numpy.org/doc/stable/objects.inv ...
loading intersphinx inventory 'sklearn' from https://scikit-learn.org/stable/objects.inv ...
loading intersphinx inventory 'pandas' from https://pandas.pydata.org/docs/objects.inv ...
myst v4.0.1: MdParserConfig(commonmark_only=False, gfm_only=False, enable_extensions={'attrs_block', 'substitution', 'deflist', 'colon_fence', 'tasklist'}, disable_syntax=[], all_links_external=False, links_external_new_tab=False, url_schemes=('http', 'https', 'mailto', 'ftp'), ref_domains=None, fence_as_directive={'mermaid'}, number_code_blocks=[], title_to_header=False, heading_anchors=3, heading_slug_func=None, html_meta={}, footnote_sort=True, footnote_transition=True, words_per_minute=200, substitutions={}, linkify_fuzzy_links=True, dmath_allow_labels=True, dmath_allow_space=True, dmath_allow_digits=True, dmath_double_inline=False, update_mathjax=True, mathjax_classes='tex2jax_process|mathjax_process|math|output_area', enable_checkboxes=False, suppress_warnings=[], highlight_code_blocks=True)
Creating file /home/delete/nirs4all/nirs4all/docs/source/_generated_api/nirs4all.rst.
Creating file /home/delete/nirs4all/nirs4all/docs/source/_generated_api/nirs4all.runtime.rst.
Creating file /home/delete/nirs4all/nirs4all/docs/source/_generated_api/nirs4all.analysis.rst.
Creating file /home/delete/nirs4all/nirs4all/docs/source/_generated_api/nirs4all.analysis.playground_dataset.rst.
Creating file /home/delete/nirs4all/nirs4all/docs/source/_generated_api/nirs4all.analysis.playground_distances.rst.
Creating file /home/delete/nirs4all/nirs4all/docs/source/_generated_api/nirs4all.analysis.playground_execution.rst.
Creating file /home/delete/nirs4all/nirs4all/docs/source/_generated_api/nirs4all.analysis.playground_facade.rst.
Creating file /home/delete/nirs4all/nirs4all/docs/source/_generated_api/nirs4all.analysis.playground_metrics.rst.
Creating file /home/delete/nirs4all/nirs4all/docs/source/_generated_api/nirs4all.analysis.playground_partition.rst.
Creating file /home/delete/nirs4all/nirs4all/docs/source/_generated_api/nirs4all.analysis.playground_prepare.rst.
Creating file /home/delete/nirs4all/nirs4all/docs/source/_generated_api/nirs4all.analysis.playground_projections.rst.
Creating file /home/delete/nirs4all/nirs4all/docs/source/_generated_api/nirs4all.analysis.playground_statistics.rst.
Creating file /home/delete/nirs4all/nirs4all/docs/source/_generated_api/nirs4all.analysis.playground_steps.rst.
Creating file /home/delete/nirs4all/nirs4all/docs/source/_generated_api/nirs4all.analysis.playground_types.rst.
Creating file /home/delete/nirs4all/nirs4all/docs/source/_generated_api/nirs4all.analysis.presets.rst.
Creating file /home/delete/nirs4all/nirs4all/docs/source/_generated_api/nirs4all.analysis.projections.rst.
Creating file /home/delete/nirs4all/nirs4all/docs/source/_generated_api/nirs4all.analysis.results.rst.
Creating file /home/delete/nirs4all/nirs4all/docs/source/_generated_api/nirs4all.analysis.selector.rst.
Creating file /home/delete/nirs4all/nirs4all/docs/source/_generated_api/nirs4all.analysis.transfer_metrics.rst.
Creating file /home/delete/nirs4all/nirs4all/docs/source/_generated_api/nirs4all.analysis.transfer_utils.rst.
Creating file /home/delete/nirs4all/nirs4all/docs/source/_generated_api/nirs4all.api.rst.
Creating file /home/delete/nirs4all/nirs4all/docs/source/_generated_api/nirs4all.api.advanced_capabilities.rst.
Creating file /home/delete/nirs4all/nirs4all/docs/source/_generated_api/nirs4all.api.calibrate.rst.
Creating file /home/delete/nirs4all/nirs4all/docs/source/_generated_api/nirs4all.api.dagml_training.rst.
Creating file /home/delete/nirs4all/nirs4all/docs/source/_generated_api/nirs4all.api.dataset_documents.rst.
Creating file /home/delete/nirs4all/nirs4all/docs/source/_generated_api/nirs4all.api.dataset_inspection.rst.
Creating file /home/delete/nirs4all/nirs4all/docs/source/_generated_api/nirs4all.api.explain.rst.
Creating file /home/delete/nirs4all/nirs4all/docs/source/_generated_api/nirs4all.api.general_explain.rst.
Creating file /home/delete/nirs4all/nirs4all/docs/source/_generated_api/nirs4all.api.general_retrain.rst.
Creating file /home/delete/nirs4all/nirs4all/docs/source/_generated_api/nirs4all.api.general_synthesis.rst.
Creating file /home/delete/nirs4all/nirs4all/docs/source/_generated_api/nirs4all.api.general_transfer.rst.
Creating file /home/delete/nirs4all/nirs4all/docs/source/_generated_api/nirs4all.api.generate.rst.
Creating file /home/delete/nirs4all/nirs4all/docs/source/_generated_api/nirs4all.api.inspector_json.rst.
Creating file /home/delete/nirs4all/nirs4all/docs/source/_generated_api/nirs4all.api.inspector_normalization.rst.
Creating file /home/delete/nirs4all/nirs4all/docs/source/_generated_api/nirs4all.api.inspector_views.rst.
Creating file /home/delete/nirs4all/nirs4all/docs/source/_generated_api/nirs4all.api.library_playground.rst.
Creating file /home/delete/nirs4all/nirs4all/docs/source/_generated_api/nirs4all.api.native_archive_training.rst.
Creating file /home/delete/nirs4all/nirs4all/docs/source/_generated_api/nirs4all.api.native_capabilities.rst.
Creating file /home/delete/nirs4all/nirs4all/docs/source/_generated_api/nirs4all.api.native_refit_result.rst.
Creating file /home/delete/nirs4all/nirs4all/docs/source/_generated_api/nirs4all.api.native_result.rst.
Creating file /home/delete/nirs4all/nirs4all/docs/source/_generated_api/nirs4all.api.native_retrain_lineage.rst.
Creating file /home/delete/nirs4all/nirs4all/docs/source/_generated_api/nirs4all.api.native_session.rst.
Creating file /home/delete/nirs4all/nirs4all/docs/source/_generated_api/nirs4all.api.native_training.rst.
Creating file /home/delete/nirs4all/nirs4all/docs/source/_generated_api/nirs4all.api.native_witness.rst.
Creating file /home/delete/nirs4all/nirs4all/docs/source/_generated_api/nirs4all.api.portable_archive.rst.
Creating file /home/delete/nirs4all/nirs4all/docs/source/_generated_api/nirs4all.api.predict.rst.
Creating file /home/delete/nirs4all/nirs4all/docs/source/_generated_api/nirs4all.api.public_results.rst.
Creating file /home/delete/nirs4all/nirs4all/docs/source/_generated_api/nirs4all.api.public_tuning.rst.
Creating file /home/delete/nirs4all/nirs4all/docs/source/_generated_api/nirs4all.api.result.rst.
Creating file /home/delete/nirs4all/nirs4all/docs/source/_generated_api/nirs4all.api.retrain.rst.
Creating file /home/delete/nirs4all/nirs4all/docs/source/_generated_api/nirs4all.api.retrain_capabilities.rst.
Creating file /home/delete/nirs4all/nirs4all/docs/source/_generated_api/nirs4all.api.robustness.rst.
Creating file /home/delete/nirs4all/nirs4all/docs/source/_generated_api/nirs4all.api.run.rst.
Creating file /home/delete/nirs4all/nirs4all/docs/source/_generated_api/nirs4all.api.run_selection.rst.
Creating file /home/delete/nirs4all/nirs4all/docs/source/_generated_api/nirs4all.api.session.rst.
Creating file /home/delete/nirs4all/nirs4all/docs/source/_generated_api/nirs4all.api.studio_lineage.rst.
Creating file /home/delete/nirs4all/nirs4all/docs/source/_generated_api/nirs4all.api.studio_scientific.rst.
Creating file /home/delete/nirs4all/nirs4all/docs/source/_generated_api/nirs4all.api.studio_scientific_general.rst.
Creating file /home/delete/nirs4all/nirs4all/docs/source/_generated_api/nirs4all.api.tuning.rst.
Creating file /home/delete/nirs4all/nirs4all/docs/source/_generated_api/nirs4all.api.workspace_chain_snapshot.rst.
Creating file /home/delete/nirs4all/nirs4all/docs/source/_generated_api/nirs4all.cli.rst.
Creating file /home/delete/nirs4all/nirs4all/docs/source/_generated_api/nirs4all.cli.installation_test.rst.
Creating file /home/delete/nirs4all/nirs4all/docs/source/_generated_api/nirs4all.cli.main.rst.
Creating file /home/delete/nirs4all/nirs4all/docs/source/_generated_api/nirs4all.cli.commands.rst.
Creating file /home/delete/nirs4all/nirs4all/docs/source/_generated_api/nirs4all.cli.commands.artifacts.rst.
Creating file /home/delete/nirs4all/nirs4all/docs/source/_generated_api/nirs4all.cli.commands.config.rst.
Creating file /home/delete/nirs4all/nirs4all/docs/source/_generated_api/nirs4all.cli.commands.dataset.rst.
Creating file /home/delete/nirs4all/nirs4all/docs/source/_generated_api/nirs4all.cli.commands.keyword_registry.rst.
Creating file /home/delete/nirs4all/nirs4all/docs/source/_generated_api/nirs4all.cli.commands.results.rst.
Creating file /home/delete/nirs4all/nirs4all/docs/source/_generated_api/nirs4all.cli.commands.robustness_report.rst.
Creating file /home/delete/nirs4all/nirs4all/docs/source/_generated_api/nirs4all.cli.commands.robustness_summary_schema.rst.
Creating file /home/delete/nirs4all/nirs4all/docs/source/_generated_api/nirs4all.cli.commands.tuning.rst.
Creating file /home/delete/nirs4all/nirs4all/docs/source/_generated_api/nirs4all.cli.commands.tuning_space.rst.
Creating file /home/delete/nirs4all/nirs4all/docs/source/_generated_api/nirs4all.cli.commands.tuning_summary_schema.rst.
Creating file /home/delete/nirs4all/nirs4all/docs/source/_generated_api/nirs4all.cli.commands.workflow.rst.
Creating file /home/delete/nirs4all/nirs4all/docs/source/_generated_api/nirs4all.cli.commands.workspace.rst.
Creating file /home/delete/nirs4all/nirs4all/docs/source/_generated_api/nirs4all.config.rst.
Creating file /home/delete/nirs4all/nirs4all/docs/source/_generated_api/nirs4all.config.cache_config.rst.
Creating file /home/delete/nirs4all/nirs4all/docs/source/_generated_api/nirs4all.config.validator.rst.
Creating file /home/delete/nirs4all/nirs4all/docs/source/_generated_api/nirs4all.controllers.rst.
Creating file /home/delete/nirs4all/nirs4all/docs/source/_generated_api/nirs4all.controllers.base.rst.
Creating file /home/delete/nirs4all/nirs4all/docs/source/_generated_api/nirs4all.controllers.controller.rst.
Creating file /home/delete/nirs4all/nirs4all/docs/source/_generated_api/nirs4all.controllers.presets.rst.
Creating file /home/delete/nirs4all/nirs4all/docs/source/_generated_api/nirs4all.controllers.registry.rst.
Creating file /home/delete/nirs4all/nirs4all/docs/source/_generated_api/nirs4all.controllers.charts.rst.
Creating file /home/delete/nirs4all/nirs4all/docs/source/_generated_api/nirs4all.controllers.charts.augmentation.rst.
Creating file /home/delete/nirs4all/nirs4all/docs/source/_generated_api/nirs4all.controllers.charts.exclusion.rst.
Creating file /home/delete/nirs4all/nirs4all/docs/source/_generated_api/nirs4all.controllers.charts.folds.rst.
Creating file /home/delete/nirs4all/nirs4all/docs/source/_generated_api/nirs4all.controllers.charts.spectra.rst.
Creating file /home/delete/nirs4all/nirs4all/docs/source/_generated_api/nirs4all.controllers.charts.spectral_distribution.rst.
Creating file /home/delete/nirs4all/nirs4all/docs/source/_generated_api/nirs4all.controllers.charts.targets.rst.
Creating file /home/delete/nirs4all/nirs4all/docs/source/_generated_api/nirs4all.controllers.data.rst.
Creating file /home/delete/nirs4all/nirs4all/docs/source/_generated_api/nirs4all.controllers.data.auto_transfer_preproc.rst.
Creating file /home/delete/nirs4all/nirs4all/docs/source/_generated_api/nirs4all.controllers.data.balancing.rst.
Creating file /home/delete/nirs4all/nirs4all/docs/source/_generated_api/nirs4all.controllers.data.branch.rst.
Creating file /home/delete/nirs4all/nirs4all/docs/source/_generated_api/nirs4all.controllers.data.branch_utils.rst.
Creating file /home/delete/nirs4all/nirs4all/docs/source/_generated_api/nirs4all.controllers.data.concat_transform.rst.
Creating file /home/delete/nirs4all/nirs4all/docs/source/_generated_api/nirs4all.controllers.data.exclude.rst.
Creating file /home/delete/nirs4all/nirs4all/docs/source/_generated_api/nirs4all.controllers.data.feature_augmentation.rst.
Creating file /home/delete/nirs4all/nirs4all/docs/source/_generated_api/nirs4all.controllers.data.feature_selection.rst.
Creating file /home/delete/nirs4all/nirs4all/docs/source/_generated_api/nirs4all.controllers.data.merge.rst.
Creating file /home/delete/nirs4all/nirs4all/docs/source/_generated_api/nirs4all.controllers.data.rep_fusion.rst.
Creating file /home/delete/nirs4all/nirs4all/docs/source/_generated_api/nirs4all.controllers.data.repetition.rst.
Creating file /home/delete/nirs4all/nirs4all/docs/source/_generated_api/nirs4all.controllers.data.resampler.rst.
Creating file /home/delete/nirs4all/nirs4all/docs/source/_generated_api/nirs4all.controllers.data.sample_augmentation.rst.
Creating file /home/delete/nirs4all/nirs4all/docs/source/_generated_api/nirs4all.controllers.data.tag.rst.
Creating file /home/delete/nirs4all/nirs4all/docs/source/_generated_api/nirs4all.controllers.flow.rst.
Creating file /home/delete/nirs4all/nirs4all/docs/source/_generated_api/nirs4all.controllers.flow.dummy.rst.
Creating file /home/delete/nirs4all/nirs4all/docs/source/_generated_api/nirs4all.controllers.models.rst.
Creating file /home/delete/nirs4all/nirs4all/docs/source/_generated_api/nirs4all.controllers.models.autogluon_model.rst.
Creating file /home/delete/nirs4all/nirs4all/docs/source/_generated_api/nirs4all.controllers.models.base_model.rst.
Creating file /home/delete/nirs4all/nirs4all/docs/source/_generated_api/nirs4all.controllers.models.factory.rst.
Creating file /home/delete/nirs4all/nirs4all/docs/source/_generated_api/nirs4all.controllers.models.jax_model.rst.
Creating file /home/delete/nirs4all/nirs4all/docs/source/_generated_api/nirs4all.controllers.models.jax_wrapper.rst.
Creating file /home/delete/nirs4all/nirs4all/docs/source/_generated_api/nirs4all.controllers.models.meta_model.rst.
Creating file /home/delete/nirs4all/nirs4all/docs/source/_generated_api/nirs4all.controllers.models.pipeline_cv.rst.
Creating file /home/delete/nirs4all/nirs4all/docs/source/_generated_api/nirs4all.controllers.models.residual_model.rst.
Creating file /home/delete/nirs4all/nirs4all/docs/source/_generated_api/nirs4all.controllers.models.sklearn_model.rst.
Creating file /home/delete/nirs4all/nirs4all/docs/source/_generated_api/nirs4all.controllers.models.tensorflow_model.rst.
Creating file /home/delete/nirs4all/nirs4all/docs/source/_generated_api/nirs4all.controllers.models.torch_model.rst.
Creating file /home/delete/nirs4all/nirs4all/docs/source/_generated_api/nirs4all.controllers.models.utilities.rst.
Creating file /home/delete/nirs4all/nirs4all/docs/source/_generated_api/nirs4all.controllers.models.components.rst.
Creating file /home/delete/nirs4all/nirs4all/docs/source/_generated_api/nirs4all.controllers.models.components.identifier_generator.rst.
Creating file /home/delete/nirs4all/nirs4all/docs/source/_generated_api/nirs4all.controllers.models.components.index_normalizer.rst.
Creating file /home/delete/nirs4all/nirs4all/docs/source/_generated_api/nirs4all.controllers.models.components.prediction_assembler.rst.
Creating file /home/delete/nirs4all/nirs4all/docs/source/_generated_api/nirs4all.controllers.models.components.prediction_transformer.rst.
Creating file /home/delete/nirs4all/nirs4all/docs/source/_generated_api/nirs4all.controllers.models.components.score_calculator.rst.
Creating file /home/delete/nirs4all/nirs4all/docs/source/_generated_api/nirs4all.controllers.models.stacking.rst.
Creating file /home/delete/nirs4all/nirs4all/docs/source/_generated_api/nirs4all.controllers.models.stacking.branch_validator.rst.
Creating file /home/delete/nirs4all/nirs4all/docs/source/_generated_api/nirs4all.controllers.models.stacking.classification.rst.
Creating file /home/delete/nirs4all/nirs4all/docs/source/_generated_api/nirs4all.controllers.models.stacking.config.rst.
Creating file /home/delete/nirs4all/nirs4all/docs/source/_generated_api/nirs4all.controllers.models.stacking.crossbranch.rst.
Creating file /home/delete/nirs4all/nirs4all/docs/source/_generated_api/nirs4all.controllers.models.stacking.exceptions.rst.
Creating file /home/delete/nirs4all/nirs4all/docs/source/_generated_api/nirs4all.controllers.models.stacking.multilevel.rst.
Creating file /home/delete/nirs4all/nirs4all/docs/source/_generated_api/nirs4all.controllers.models.stacking.reconstructor.rst.
Creating file /home/delete/nirs4all/nirs4all/docs/source/_generated_api/nirs4all.controllers.models.stacking.serialization.rst.
Creating file /home/delete/nirs4all/nirs4all/docs/source/_generated_api/nirs4all.controllers.models.tensorflow.rst.
Creating file /home/delete/nirs4all/nirs4all/docs/source/_generated_api/nirs4all.controllers.models.tensorflow.config.rst.
Creating file /home/delete/nirs4all/nirs4all/docs/source/_generated_api/nirs4all.controllers.models.tensorflow.data_prep.rst.
Creating file /home/delete/nirs4all/nirs4all/docs/source/_generated_api/nirs4all.controllers.shared.rst.
Creating file /home/delete/nirs4all/nirs4all/docs/source/_generated_api/nirs4all.controllers.shared.model_selector.rst.
Creating file /home/delete/nirs4all/nirs4all/docs/source/_generated_api/nirs4all.controllers.shared.prediction_aggregator.rst.
Creating file /home/delete/nirs4all/nirs4all/docs/source/_generated_api/nirs4all.controllers.splitters.rst.
Creating file /home/delete/nirs4all/nirs4all/docs/source/_generated_api/nirs4all.controllers.splitters.fold_file_loader.rst.
Creating file /home/delete/nirs4all/nirs4all/docs/source/_generated_api/nirs4all.controllers.splitters.split.rst.
Creating file /home/delete/nirs4all/nirs4all/docs/source/_generated_api/nirs4all.controllers.transforms.rst.
Creating file /home/delete/nirs4all/nirs4all/docs/source/_generated_api/nirs4all.controllers.transforms.cluster.rst.
Creating file /home/delete/nirs4all/nirs4all/docs/source/_generated_api/nirs4all.controllers.transforms.transformer.rst.
Creating file /home/delete/nirs4all/nirs4all/docs/source/_generated_api/nirs4all.controllers.transforms.y_transformer.rst.
Creating file /home/delete/nirs4all/nirs4all/docs/source/_generated_api/nirs4all.core.rst.
Creating file /home/delete/nirs4all/nirs4all/docs/source/_generated_api/nirs4all.core.config.rst.
Creating file /home/delete/nirs4all/nirs4all/docs/source/_generated_api/nirs4all.core.exceptions.rst.
Creating file /home/delete/nirs4all/nirs4all/docs/source/_generated_api/nirs4all.core.metrics.rst.
Creating file /home/delete/nirs4all/nirs4all/docs/source/_generated_api/nirs4all.core.task_detection.rst.
Creating file /home/delete/nirs4all/nirs4all/docs/source/_generated_api/nirs4all.core.task_type.rst.
Creating file /home/delete/nirs4all/nirs4all/docs/source/_generated_api/nirs4all.core.logging.rst.
Creating file /home/delete/nirs4all/nirs4all/docs/source/_generated_api/nirs4all.core.logging.config.rst.
Creating file /home/delete/nirs4all/nirs4all/docs/source/_generated_api/nirs4all.core.logging.context.rst.
Creating file /home/delete/nirs4all/nirs4all/docs/source/_generated_api/nirs4all.core.logging.events.rst.
Creating file /home/delete/nirs4all/nirs4all/docs/source/_generated_api/nirs4all.core.logging.formatters.rst.
Creating file /home/delete/nirs4all/nirs4all/docs/source/_generated_api/nirs4all.core.logging.handlers.rst.
Creating file /home/delete/nirs4all/nirs4all/docs/source/_generated_api/nirs4all.core.logging.progress.rst.
Creating file /home/delete/nirs4all/nirs4all/docs/source/_generated_api/nirs4all.data.rst.
Creating file /home/delete/nirs4all/nirs4all/docs/source/_generated_api/nirs4all.data.binning.rst.
Creating file /home/delete/nirs4all/nirs4all/docs/source/_generated_api/nirs4all.data.config.rst.
Creating file /home/delete/nirs4all/nirs4all/docs/source/_generated_api/nirs4all.data.config_parser.rst.
Creating file /home/delete/nirs4all/nirs4all/docs/source/_generated_api/nirs4all.data.dataset.rst.
Creating file /home/delete/nirs4all/nirs4all/docs/source/_generated_api/nirs4all.data.ensemble_utils.rst.
Creating file /home/delete/nirs4all/nirs4all/docs/source/_generated_api/nirs4all.data.features.rst.
Creating file /home/delete/nirs4all/nirs4all/docs/source/_generated_api/nirs4all.data.fit_influence.rst.
Creating file /home/delete/nirs4all/nirs4all/docs/source/_generated_api/nirs4all.data.indexer.rst.
Creating file /home/delete/nirs4all/nirs4all/docs/source/_generated_api/nirs4all.data.meta_features.rst.
Creating file /home/delete/nirs4all/nirs4all/docs/source/_generated_api/nirs4all.data.metadata.rst.
Creating file /home/delete/nirs4all/nirs4all/docs/source/_generated_api/nirs4all.data.multimodal.rst.
Creating file /home/delete/nirs4all/nirs4all/docs/source/_generated_api/nirs4all.data.predictions.rst.
Creating file /home/delete/nirs4all/nirs4all/docs/source/_generated_api/nirs4all.data.raw_multisource.rst.
Creating file /home/delete/nirs4all/nirs4all/docs/source/_generated_api/nirs4all.data.reduction.rst.
Creating file /home/delete/nirs4all/nirs4all/docs/source/_generated_api/nirs4all.data.relation_replay_manifest.rst.
Creating file /home/delete/nirs4all/nirs4all/docs/source/_generated_api/nirs4all.data.relations.rst.
Creating file /home/delete/nirs4all/nirs4all/docs/source/_generated_api/nirs4all.data.repetition_detection.rst.
Creating file /home/delete/nirs4all/nirs4all/docs/source/_generated_api/nirs4all.data.signal_type.rst.
Creating file /home/delete/nirs4all/nirs4all/docs/source/_generated_api/nirs4all.data.targets.rst.
Creating file /home/delete/nirs4all/nirs4all/docs/source/_generated_api/nirs4all.data.types.rst.
Creating file /home/delete/nirs4all/nirs4all/docs/source/_generated_api/nirs4all.data.detection.rst.
Creating file /home/delete/nirs4all/nirs4all/docs/source/_generated_api/nirs4all.data.detection.detector.rst.
Creating file /home/delete/nirs4all/nirs4all/docs/source/_generated_api/nirs4all.data.loaders.rst.
Creating file /home/delete/nirs4all/nirs4all/docs/source/_generated_api/nirs4all.data.loaders.archive_loader.rst.
Creating file /home/delete/nirs4all/nirs4all/docs/source/_generated_api/nirs4all.data.loaders.base.rst.
Creating file /home/delete/nirs4all/nirs4all/docs/source/_generated_api/nirs4all.data.loaders.csv_loader_new.rst.
Creating file /home/delete/nirs4all/nirs4all/docs/source/_generated_api/nirs4all.data.loaders.excel_loader.rst.
Creating file /home/delete/nirs4all/nirs4all/docs/source/_generated_api/nirs4all.data.loaders.loader.rst.
Creating file /home/delete/nirs4all/nirs4all/docs/source/_generated_api/nirs4all.data.loaders.matlab_loader.rst.
Creating file /home/delete/nirs4all/nirs4all/docs/source/_generated_api/nirs4all.data.loaders.numpy_loader.rst.
Creating file /home/delete/nirs4all/nirs4all/docs/source/_generated_api/nirs4all.data.loaders.parquet_loader.rst.
Creating file /home/delete/nirs4all/nirs4all/docs/source/_generated_api/nirs4all.data.parsers.rst.
Creating file /home/delete/nirs4all/nirs4all/docs/source/_generated_api/nirs4all.data.parsers.base.rst.
Creating file /home/delete/nirs4all/nirs4all/docs/source/_generated_api/nirs4all.data.parsers.files_parser.rst.
Creating file /home/delete/nirs4all/nirs4all/docs/source/_generated_api/nirs4all.data.parsers.folder_parser.rst.
Creating file /home/delete/nirs4all/nirs4all/docs/source/_generated_api/nirs4all.data.parsers.normalizer.rst.
Creating file /home/delete/nirs4all/nirs4all/docs/source/_generated_api/nirs4all.data.performance.rst.
Creating file /home/delete/nirs4all/nirs4all/docs/source/_generated_api/nirs4all.data.performance.cache.rst.
Creating file /home/delete/nirs4all/nirs4all/docs/source/_generated_api/nirs4all.data.schema.rst.
Creating file /home/delete/nirs4all/nirs4all/docs/source/_generated_api/nirs4all.data.schema.config.rst.
Creating file /home/delete/nirs4all/nirs4all/docs/source/_generated_api/nirs4all.data.schema.validation.rst.
Creating file /home/delete/nirs4all/nirs4all/docs/source/_generated_api/nirs4all.data.schema.validation.error_codes.rst.
Creating file /home/delete/nirs4all/nirs4all/docs/source/_generated_api/nirs4all.data.schema.validation.validators.rst.
Creating file /home/delete/nirs4all/nirs4all/docs/source/_generated_api/nirs4all.data.selection.rst.
Creating file /home/delete/nirs4all/nirs4all/docs/source/_generated_api/nirs4all.data.selection.sampling.rst.
Creating file /home/delete/nirs4all/nirs4all/docs/source/_generated_api/nirs4all.data.serialization.rst.
Creating file /home/delete/nirs4all/nirs4all/docs/source/_generated_api/nirs4all.data.serialization.serializer.rst.
Creating file /home/delete/nirs4all/nirs4all/docs/source/_generated_api/nirs4all.operators.rst.
Creating file /home/delete/nirs4all/nirs4all/docs/source/_generated_api/nirs4all.operators.augmentation.rst.
Creating file /home/delete/nirs4all/nirs4all/docs/source/_generated_api/nirs4all.operators.augmentation.edge_artifacts.rst.
Creating file /home/delete/nirs4all/nirs4all/docs/source/_generated_api/nirs4all.operators.augmentation.environmental.rst.
Creating file /home/delete/nirs4all/nirs4all/docs/source/_generated_api/nirs4all.operators.augmentation.native.rst.
Creating file /home/delete/nirs4all/nirs4all/docs/source/_generated_api/nirs4all.operators.augmentation.random.rst.
Creating file /home/delete/nirs4all/nirs4all/docs/source/_generated_api/nirs4all.operators.augmentation.scattering.rst.
Creating file /home/delete/nirs4all/nirs4all/docs/source/_generated_api/nirs4all.operators.augmentation.spectral.rst.
Creating file /home/delete/nirs4all/nirs4all/docs/source/_generated_api/nirs4all.operators.augmentation.splines.rst.
Creating file /home/delete/nirs4all/nirs4all/docs/source/_generated_api/nirs4all.operators.augmentation.synthesis.rst.
Creating file /home/delete/nirs4all/nirs4all/docs/source/_generated_api/nirs4all.operators.base.rst.
Creating file /home/delete/nirs4all/nirs4all/docs/source/_generated_api/nirs4all.operators.base.spectra_mixin.rst.
Creating file /home/delete/nirs4all/nirs4all/docs/source/_generated_api/nirs4all.operators.data.rst.
Creating file /home/delete/nirs4all/nirs4all/docs/source/_generated_api/nirs4all.operators.data.merge.rst.
Creating file /home/delete/nirs4all/nirs4all/docs/source/_generated_api/nirs4all.operators.data.rep_fusion.rst.
Creating file /home/delete/nirs4all/nirs4all/docs/source/_generated_api/nirs4all.operators.data.repetition.rst.
Creating file /home/delete/nirs4all/nirs4all/docs/source/_generated_api/nirs4all.operators.filters.rst.
Creating file /home/delete/nirs4all/nirs4all/docs/source/_generated_api/nirs4all.operators.filters.base.rst.
Creating file /home/delete/nirs4all/nirs4all/docs/source/_generated_api/nirs4all.operators.filters.high_leverage.rst.
Creating file /home/delete/nirs4all/nirs4all/docs/source/_generated_api/nirs4all.operators.filters.metadata.rst.
Creating file /home/delete/nirs4all/nirs4all/docs/source/_generated_api/nirs4all.operators.filters.native.rst.
Creating file /home/delete/nirs4all/nirs4all/docs/source/_generated_api/nirs4all.operators.filters.report.rst.
Creating file /home/delete/nirs4all/nirs4all/docs/source/_generated_api/nirs4all.operators.filters.spectral_quality.rst.
Creating file /home/delete/nirs4all/nirs4all/docs/source/_generated_api/nirs4all.operators.filters.x_outlier.rst.
Creating file /home/delete/nirs4all/nirs4all/docs/source/_generated_api/nirs4all.operators.filters.y_outlier.rst.
Creating file /home/delete/nirs4all/nirs4all/docs/source/_generated_api/nirs4all.operators.methods.rst.
Creating file /home/delete/nirs4all/nirs4all/docs/source/_generated_api/nirs4all.operators.methods.n4m_ops.rst.
Creating file /home/delete/nirs4all/nirs4all/docs/source/_generated_api/nirs4all.operators.models.rst.
Creating file /home/delete/nirs4all/nirs4all/docs/source/_generated_api/nirs4all.operators.models.base.rst.
Creating file /home/delete/nirs4all/nirs4all/docs/source/_generated_api/nirs4all.operators.models.meta.rst.
Creating file /home/delete/nirs4all/nirs4all/docs/source/_generated_api/nirs4all.operators.models.multimodal.rst.
Creating file /home/delete/nirs4all/nirs4all/docs/source/_generated_api/nirs4all.operators.models.residual.rst.
Creating file /home/delete/nirs4all/nirs4all/docs/source/_generated_api/nirs4all.operators.models.selection.rst.
Creating file /home/delete/nirs4all/nirs4all/docs/source/_generated_api/nirs4all.operators.models.jax.rst.
Creating file /home/delete/nirs4all/nirs4all/docs/source/_generated_api/nirs4all.operators.models.jax.generic.rst.
Creating file /home/delete/nirs4all/nirs4all/docs/source/_generated_api/nirs4all.operators.models.jax.nicon.rst.
Creating file /home/delete/nirs4all/nirs4all/docs/source/_generated_api/nirs4all.operators.models.pytorch.rst.
Creating file /home/delete/nirs4all/nirs4all/docs/source/_generated_api/nirs4all.operators.models.pytorch.mlp.rst.
Creating file /home/delete/nirs4all/nirs4all/docs/source/_generated_api/nirs4all.operators.models.pytorch.nicon.rst.
Creating file /home/delete/nirs4all/nirs4all/docs/source/_generated_api/nirs4all.operators.models.pytorch.spectral_transformer.rst.
Creating file /home/delete/nirs4all/nirs4all/docs/source/_generated_api/nirs4all.operators.models.sklearn.rst.
Creating file /home/delete/nirs4all/nirs4all/docs/source/_generated_api/nirs4all.operators.models.sklearn.aom_fast.rst.
Creating file /home/delete/nirs4all/nirs4all/docs/source/_generated_api/nirs4all.operators.models.sklearn.aom_pls.rst.
Creating file /home/delete/nirs4all/nirs4all/docs/source/_generated_api/nirs4all.operators.models.sklearn.aom_pls_aomlib.rst.
Creating file /home/delete/nirs4all/nirs4all/docs/source/_generated_api/nirs4all.operators.models.sklearn.aom_pls_classifier.rst.
Creating file /home/delete/nirs4all/nirs4all/docs/source/_generated_api/nirs4all.operators.models.sklearn.aom_ridge.rst.
Creating file /home/delete/nirs4all/nirs4all/docs/source/_generated_api/nirs4all.operators.models.sklearn.dipls.rst.
Creating file /home/delete/nirs4all/nirs4all/docs/source/_generated_api/nirs4all.operators.models.sklearn.fckpls.rst.
Creating file /home/delete/nirs4all/nirs4all/docs/source/_generated_api/nirs4all.operators.models.sklearn.ikpls.rst.
Creating file /home/delete/nirs4all/nirs4all/docs/source/_generated_api/nirs4all.operators.models.sklearn.ipls.rst.
Creating file /home/delete/nirs4all/nirs4all/docs/source/_generated_api/nirs4all.operators.models.sklearn.kopls.rst.
Creating file /home/delete/nirs4all/nirs4all/docs/source/_generated_api/nirs4all.operators.models.sklearn.lwpls.rst.
Creating file /home/delete/nirs4all/nirs4all/docs/source/_generated_api/nirs4all.operators.models.sklearn.mbpls.rst.
Creating file /home/delete/nirs4all/nirs4all/docs/source/_generated_api/nirs4all.operators.models.sklearn.nlpls.rst.
Creating file /home/delete/nirs4all/nirs4all/docs/source/_generated_api/nirs4all.operators.models.sklearn.oklmpls.rst.
Creating file /home/delete/nirs4all/nirs4all/docs/source/_generated_api/nirs4all.operators.models.sklearn.opls.rst.
Creating file /home/delete/nirs4all/nirs4all/docs/source/_generated_api/nirs4all.operators.models.sklearn.oplsda.rst.
Creating file /home/delete/nirs4all/nirs4all/docs/source/_generated_api/nirs4all.operators.models.sklearn.pcr.rst.
Creating file /home/delete/nirs4all/nirs4all/docs/source/_generated_api/nirs4all.operators.models.sklearn.plsda.rst.
Creating file /home/delete/nirs4all/nirs4all/docs/source/_generated_api/nirs4all.operators.models.sklearn.pop_pls.rst.
Creating file /home/delete/nirs4all/nirs4all/docs/source/_generated_api/nirs4all.operators.models.sklearn.pop_pls_classifier.rst.
Creating file /home/delete/nirs4all/nirs4all/docs/source/_generated_api/nirs4all.operators.models.sklearn.recursive_pls.rst.
Creating file /home/delete/nirs4all/nirs4all/docs/source/_generated_api/nirs4all.operators.models.sklearn.robust_pls.rst.
Creating file /home/delete/nirs4all/nirs4all/docs/source/_generated_api/nirs4all.operators.models.sklearn.simpls.rst.
Creating file /home/delete/nirs4all/nirs4all/docs/source/_generated_api/nirs4all.operators.models.sklearn.sparsepls.rst.
Creating file /home/delete/nirs4all/nirs4all/docs/source/_generated_api/nirs4all.operators.models.sklearn.tabpfn_nirs.rst.
Creating file /home/delete/nirs4all/nirs4all/docs/source/_generated_api/nirs4all.operators.models.tensorflow.rst.
Creating file /home/delete/nirs4all/nirs4all/docs/source/_generated_api/nirs4all.operators.models.tensorflow.generic.rst.
Creating file /home/delete/nirs4all/nirs4all/docs/source/_generated_api/nirs4all.operators.models.tensorflow.nicon.rst.
Creating file /home/delete/nirs4all/nirs4all/docs/source/_generated_api/nirs4all.operators.models.tensorflow.legacy.rst.
Creating file /home/delete/nirs4all/nirs4all/docs/source/_generated_api/nirs4all.operators.models.tensorflow.legacy.inception_1d_cnn.rst.
Creating file /home/delete/nirs4all/nirs4all/docs/source/_generated_api/nirs4all.operators.models.tensorflow.legacy.resnet_v2_1d_cnn.rst.
Creating file /home/delete/nirs4all/nirs4all/docs/source/_generated_api/nirs4all.operators.models.tensorflow.legacy.se_resnet_1d_cnn.rst.
Creating file /home/delete/nirs4all/nirs4all/docs/source/_generated_api/nirs4all.operators.models.tensorflow.legacy.vgg_1d_cnn.rst.
Creating file /home/delete/nirs4all/nirs4all/docs/source/_generated_api/nirs4all.operators.splitters.rst.
Creating file /home/delete/nirs4all/nirs4all/docs/source/_generated_api/nirs4all.operators.splitters.grouped_wrapper.rst.
Creating file /home/delete/nirs4all/nirs4all/docs/source/_generated_api/nirs4all.operators.splitters.splitters.rst.
Creating file /home/delete/nirs4all/nirs4all/docs/source/_generated_api/nirs4all.operators.transforms.rst.
Creating file /home/delete/nirs4all/nirs4all/docs/source/_generated_api/nirs4all.operators.transforms.concat.rst.
Creating file /home/delete/nirs4all/nirs4all/docs/source/_generated_api/nirs4all.operators.transforms.fck_static.rst.
Creating file /home/delete/nirs4all/nirs4all/docs/source/_generated_api/nirs4all.operators.transforms.feature_selection.rst.
Creating file /home/delete/nirs4all/nirs4all/docs/source/_generated_api/nirs4all.operators.transforms.features.rst.
Creating file /home/delete/nirs4all/nirs4all/docs/source/_generated_api/nirs4all.operators.transforms.nirs.rst.
Creating file /home/delete/nirs4all/nirs4all/docs/source/_generated_api/nirs4all.operators.transforms.norris_williams.rst.
Creating file /home/delete/nirs4all/nirs4all/docs/source/_generated_api/nirs4all.operators.transforms.orthogonalization.rst.
Creating file /home/delete/nirs4all/nirs4all/docs/source/_generated_api/nirs4all.operators.transforms.presets.rst.
Creating file /home/delete/nirs4all/nirs4all/docs/source/_generated_api/nirs4all.operators.transforms.resampler.rst.
Creating file /home/delete/nirs4all/nirs4all/docs/source/_generated_api/nirs4all.operators.transforms.scalers.rst.
Creating file /home/delete/nirs4all/nirs4all/docs/source/_generated_api/nirs4all.operators.transforms.sequence.rst.
Creating file /home/delete/nirs4all/nirs4all/docs/source/_generated_api/nirs4all.operators.transforms.signal.rst.
Creating file /home/delete/nirs4all/nirs4all/docs/source/_generated_api/nirs4all.operators.transforms.signal_conversion.rst.
Creating file /home/delete/nirs4all/nirs4all/docs/source/_generated_api/nirs4all.operators.transforms.targets.rst.
Creating file /home/delete/nirs4all/nirs4all/docs/source/_generated_api/nirs4all.operators.transforms.wavelet_denoise.rst.
Creating file /home/delete/nirs4all/nirs4all/docs/source/_generated_api/nirs4all.optimization.rst.
Creating file /home/delete/nirs4all/nirs4all/docs/source/_generated_api/nirs4all.optimization.n4m_engine.rst.
Creating file /home/delete/nirs4all/nirs4all/docs/source/_generated_api/nirs4all.optimization.optuna.rst.
Creating file /home/delete/nirs4all/nirs4all/docs/source/_generated_api/nirs4all.optimization.preprocessing.rst.
Creating file /home/delete/nirs4all/nirs4all/docs/source/_generated_api/nirs4all.pipeline.rst.
Creating file /home/delete/nirs4all/nirs4all/docs/source/_generated_api/nirs4all.pipeline.dagml_bridge.rst.
Creating file /home/delete/nirs4all/nirs4all/docs/source/_generated_api/nirs4all.pipeline.engine.rst.
Creating file /home/delete/nirs4all/nirs4all/docs/source/_generated_api/nirs4all.pipeline.explain_lineage.rst.
Creating file /home/delete/nirs4all/nirs4all/docs/source/_generated_api/nirs4all.pipeline.explainer.rst.
Creating file /home/delete/nirs4all/nirs4all/docs/source/_generated_api/nirs4all.pipeline.keyword_registry.rst.
Creating file /home/delete/nirs4all/nirs4all/docs/source/_generated_api/nirs4all.pipeline.minimal_predictor.rst.
Creating file /home/delete/nirs4all/nirs4all/docs/source/_generated_api/nirs4all.pipeline.portable_n4m_roles.rst.
Creating file /home/delete/nirs4all/nirs4all/docs/source/_generated_api/nirs4all.pipeline.portable_n4m_trained.rst.
Creating file /home/delete/nirs4all/nirs4all/docs/source/_generated_api/nirs4all.pipeline.predictor.rst.
Creating file /home/delete/nirs4all/nirs4all/docs/source/_generated_api/nirs4all.pipeline.resolver.rst.
Creating file /home/delete/nirs4all/nirs4all/docs/source/_generated_api/nirs4all.pipeline.retrainer.rst.
Creating file /home/delete/nirs4all/nirs4all/docs/source/_generated_api/nirs4all.pipeline.run.rst.
Creating file /home/delete/nirs4all/nirs4all/docs/source/_generated_api/nirs4all.pipeline.runner.rst.
Creating file /home/delete/nirs4all/nirs4all/docs/source/_generated_api/nirs4all.pipeline.analysis.rst.
Creating file /home/delete/nirs4all/nirs4all/docs/source/_generated_api/nirs4all.pipeline.analysis.model_diagnostics.rst.
Creating file /home/delete/nirs4all/nirs4all/docs/source/_generated_api/nirs4all.pipeline.analysis.shape_inference.rst.
Creating file /home/delete/nirs4all/nirs4all/docs/source/_generated_api/nirs4all.pipeline.analysis.splitter_config.rst.
Creating file /home/delete/nirs4all/nirs4all/docs/source/_generated_api/nirs4all.pipeline.analysis.topology.rst.
Creating file /home/delete/nirs4all/nirs4all/docs/source/_generated_api/nirs4all.pipeline.bundle.rst.
Creating file /home/delete/nirs4all/nirs4all/docs/source/_generated_api/nirs4all.pipeline.bundle.constants.rst.
Creating file /home/delete/nirs4all/nirs4all/docs/source/_generated_api/nirs4all.pipeline.bundle.generator.rst.
Creating file /home/delete/nirs4all/nirs4all/docs/source/_generated_api/nirs4all.pipeline.bundle.loader.rst.
Creating file /home/delete/nirs4all/nirs4all/docs/source/_generated_api/nirs4all.pipeline.config.rst.
Creating file /home/delete/nirs4all/nirs4all/docs/source/_generated_api/nirs4all.pipeline.config.component_serialization.rst.
Creating file /home/delete/nirs4all/nirs4all/docs/source/_generated_api/nirs4all.pipeline.config.context.rst.
Creating file /home/delete/nirs4all/nirs4all/docs/source/_generated_api/nirs4all.pipeline.config.generator.rst.
Creating file /home/delete/nirs4all/nirs4all/docs/source/_generated_api/nirs4all.pipeline.config.pipeline_config.rst.
Creating file /home/delete/nirs4all/nirs4all/docs/source/_generated_api/nirs4all.pipeline.config.portable_method_specs.rst.
Creating file /home/delete/nirs4all/nirs4all/docs/source/_generated_api/nirs4all.pipeline.config.refit_params.rst.
Creating file /home/delete/nirs4all/nirs4all/docs/source/_generated_api/nirs4all.pipeline.dagml.rst.
Creating file /home/delete/nirs4all/nirs4all/docs/source/_generated_api/nirs4all.pipeline.dagml.attested_by_source.rst.
Creating file /home/delete/nirs4all/nirs4all/docs/source/_generated_api/nirs4all.pipeline.dagml.auto_transfer.rst.
Creating file /home/delete/nirs4all/nirs4all/docs/source/_generated_api/nirs4all.pipeline.dagml.autogluon_estimator.rst.
Creating file /home/delete/nirs4all/nirs4all/docs/source/_generated_api/nirs4all.pipeline.dagml.cancellation.rst.
Creating file /home/delete/nirs4all/nirs4all/docs/source/_generated_api/nirs4all.pipeline.dagml.chart_projection.rst.
Creating file /home/delete/nirs4all/nirs4all/docs/source/_generated_api/nirs4all.pipeline.dagml.cli_runner.rst.
Creating file /home/delete/nirs4all/nirs4all/docs/source/_generated_api/nirs4all.pipeline.dagml.conformal_contracts.rst.
Creating file /home/delete/nirs4all/nirs4all/docs/source/_generated_api/nirs4all.pipeline.dagml.conformal_store.rst.
Creating file /home/delete/nirs4all/nirs4all/docs/source/_generated_api/nirs4all.pipeline.dagml.core_archive_replay.rst.
Creating file /home/delete/nirs4all/nirs4all/docs/source/_generated_api/nirs4all.pipeline.dagml.cv_weight_transfer.rst.
Creating file /home/delete/nirs4all/nirs4all/docs/source/_generated_api/nirs4all.pipeline.dagml.data_provider.rst.
Creating file /home/delete/nirs4all/nirs4all/docs/source/_generated_api/nirs4all.pipeline.dagml.dataset.rst.
Creating file /home/delete/nirs4all/nirs4all/docs/source/_generated_api/nirs4all.pipeline.dagml.detect.rst.
Creating file /home/delete/nirs4all/nirs4all/docs/source/_generated_api/nirs4all.pipeline.dagml.envelope.rst.
Creating file /home/delete/nirs4all/nirs4all/docs/source/_generated_api/nirs4all.pipeline.dagml.errors.rst.
Creating file /home/delete/nirs4all/nirs4all/docs/source/_generated_api/nirs4all.pipeline.dagml.estimator.rst.
Creating file /home/delete/nirs4all/nirs4all/docs/source/_generated_api/nirs4all.pipeline.dagml.exclude.rst.
Creating file /home/delete/nirs4all/nirs4all/docs/source/_generated_api/nirs4all.pipeline.dagml.experimental_units.rst.
Creating file /home/delete/nirs4all/nirs4all/docs/source/_generated_api/nirs4all.pipeline.dagml.finetune_lowering.rst.
Creating file /home/delete/nirs4all/nirs4all/docs/source/_generated_api/nirs4all.pipeline.dagml.fit_identity.rst.
Creating file /home/delete/nirs4all/nirs4all/docs/source/_generated_api/nirs4all.pipeline.dagml.fixed_cohort_views.rst.
Creating file /home/delete/nirs4all/nirs4all/docs/source/_generated_api/nirs4all.pipeline.dagml.folds.rst.
Creating file /home/delete/nirs4all/nirs4all/docs/source/_generated_api/nirs4all.pipeline.dagml.framework_estimator.rst.
Creating file /home/delete/nirs4all/nirs4all/docs/source/_generated_api/nirs4all.pipeline.dagml.full_train.rst.
Creating file /home/delete/nirs4all/nirs4all/docs/source/_generated_api/nirs4all.pipeline.dagml.full_train_variants.rst.
Creating file /home/delete/nirs4all/nirs4all/docs/source/_generated_api/nirs4all.pipeline.dagml.general_archive.rst.
Creating file /home/delete/nirs4all/nirs4all/docs/source/_generated_api/nirs4all.pipeline.dagml.general_replay.rst.
Creating file /home/delete/nirs4all/nirs4all/docs/source/_generated_api/nirs4all.pipeline.dagml.general_workspace.rst.
Creating file /home/delete/nirs4all/nirs4all/docs/source/_generated_api/nirs4all.pipeline.dagml.generated_hpo_subprocess.rst.
Creating file /home/delete/nirs4all/nirs4all/docs/source/_generated_api/nirs4all.pipeline.dagml.generated_hpo_worker.rst.
Creating file /home/delete/nirs4all/nirs4all/docs/source/_generated_api/nirs4all.pipeline.dagml.generated_subprocess.rst.
Creating file /home/delete/nirs4all/nirs4all/docs/source/_generated_api/nirs4all.pipeline.dagml.generated_views.rst.
Creating file /home/delete/nirs4all/nirs4all/docs/source/_generated_api/nirs4all.pipeline.dagml.generated_worker.rst.
Creating file /home/delete/nirs4all/nirs4all/docs/source/_generated_api/nirs4all.pipeline.dagml.host_artifacts.rst.
Creating file /home/delete/nirs4all/nirs4all/docs/source/_generated_api/nirs4all.pipeline.dagml.host_finetune.rst.
Creating file /home/delete/nirs4all/nirs4all/docs/source/_generated_api/nirs4all.pipeline.dagml.host_hpo_candidate.rst.
Creating file /home/delete/nirs4all/nirs4all/docs/source/_generated_api/nirs4all.pipeline.dagml.host_hpo_candidate_worker.rst.
Creating file /home/delete/nirs4all/nirs4all/docs/source/_generated_api/nirs4all.pipeline.dagml.host_search_checkpoint.rst.
Creating file /home/delete/nirs4all/nirs4all/docs/source/_generated_api/nirs4all.pipeline.dagml.identity.rst.
Creating file /home/delete/nirs4all/nirs4all/docs/source/_generated_api/nirs4all.pipeline.dagml.in_process_runner.rst.
Creating file /home/delete/nirs4all/nirs4all/docs/source/_generated_api/nirs4all.pipeline.dagml.initial_refit_replay.rst.
Creating file /home/delete/nirs4all/nirs4all/docs/source/_generated_api/nirs4all.pipeline.dagml.late_tuning.rst.
Creating file /home/delete/nirs4all/nirs4all/docs/source/_generated_api/nirs4all.pipeline.dagml.methods_classification.rst.
Creating file /home/delete/nirs4all/nirs4all/docs/source/_generated_api/nirs4all.pipeline.dagml.methods_lane.rst.
Creating file /home/delete/nirs4all/nirs4all/docs/source/_generated_api/nirs4all.pipeline.dagml.methods_multimodal.rst.
Creating file /home/delete/nirs4all/nirs4all/docs/source/_generated_api/nirs4all.pipeline.dagml.methods_replay.rst.
Creating file /home/delete/nirs4all/nirs4all/docs/source/_generated_api/nirs4all.pipeline.dagml.methods_runtime.rst.
Creating file /home/delete/nirs4all/nirs4all/docs/source/_generated_api/nirs4all.pipeline.dagml.multimodal_contracts.rst.
Creating file /home/delete/nirs4all/nirs4all/docs/source/_generated_api/nirs4all.pipeline.dagml.multimodal_tuning.rst.
Creating file /home/delete/nirs4all/nirs4all/docs/source/_generated_api/nirs4all.pipeline.dagml.na_policy.rst.
Creating file /home/delete/nirs4all/nirs4all/docs/source/_generated_api/nirs4all.pipeline.dagml.named_stacking.rst.
Creating file /home/delete/nirs4all/nirs4all/docs/source/_generated_api/nirs4all.pipeline.dagml.named_torch.rst.
Creating file /home/delete/nirs4all/nirs4all/docs/source/_generated_api/nirs4all.pipeline.dagml.named_torch_estimator.rst.
Creating file /home/delete/nirs4all/nirs4all/docs/source/_generated_api/nirs4all.pipeline.dagml.native_archive_replay.rst.
Creating file /home/delete/nirs4all/nirs4all/docs/source/_generated_api/nirs4all.pipeline.dagml.native_client.rst.
Creating file /home/delete/nirs4all/nirs4all/docs/source/_generated_api/nirs4all.pipeline.dagml.native_conformal_calibration.rst.
Creating file /home/delete/nirs4all/nirs4all/docs/source/_generated_api/nirs4all.pipeline.dagml.native_pls_fold_hpo.rst.
Creating file /home/delete/nirs4all/nirs4all/docs/source/_generated_api/nirs4all.pipeline.dagml.native_pls_phase_controls.rst.
Creating file /home/delete/nirs4all/nirs4all/docs/source/_generated_api/nirs4all.pipeline.dagml.native_pls_phase_replay.rst.
Creating file /home/delete/nirs4all/nirs4all/docs/source/_generated_api/nirs4all.pipeline.dagml.native_results.rst.
Creating file /home/delete/nirs4all/nirs4all/docs/source/_generated_api/nirs4all.pipeline.dagml.native_vote.rst.
Creating file /home/delete/nirs4all/nirs4all/docs/source/_generated_api/nirs4all.pipeline.dagml.node_runner.rst.
Creating file /home/delete/nirs4all/nirs4all/docs/source/_generated_api/nirs4all.pipeline.dagml.operator_parameters.rst.
Creating file /home/delete/nirs4all/nirs4all/docs/source/_generated_api/nirs4all.pipeline.dagml.operator_routing.rst.
Creating file /home/delete/nirs4all/nirs4all/docs/source/_generated_api/nirs4all.pipeline.dagml.pipeline_objective.rst.
Creating file /home/delete/nirs4all/nirs4all/docs/source/_generated_api/nirs4all.pipeline.dagml.pipeline_objective_compiler.rst.
Creating file /home/delete/nirs4all/nirs4all/docs/source/_generated_api/nirs4all.pipeline.dagml.process_adapter.rst.
Creating file /home/delete/nirs4all/nirs4all/docs/source/_generated_api/nirs4all.pipeline.dagml.public_batch.rst.
Creating file /home/delete/nirs4all/nirs4all/docs/source/_generated_api/nirs4all.pipeline.dagml.public_normalization.rst.
Creating file /home/delete/nirs4all/nirs4all/docs/source/_generated_api/nirs4all.pipeline.dagml.raw_replay_lowerer.rst.
Creating file /home/delete/nirs4all/nirs4all/docs/source/_generated_api/nirs4all.pipeline.dagml.raw_training_lowerer.rst.
Creating file /home/delete/nirs4all/nirs4all/docs/source/_generated_api/nirs4all.pipeline.dagml.residual_run.rst.
Creating file /home/delete/nirs4all/nirs4all/docs/source/_generated_api/nirs4all.pipeline.dagml.resolver.rst.
Creating file /home/delete/nirs4all/nirs4all/docs/source/_generated_api/nirs4all.pipeline.dagml.resources.rst.
Creating file /home/delete/nirs4all/nirs4all/docs/source/_generated_api/nirs4all.pipeline.dagml.result.rst.
Creating file /home/delete/nirs4all/nirs4all/docs/source/_generated_api/nirs4all.pipeline.dagml.rt.rst.
Creating file /home/delete/nirs4all/nirs4all/docs/source/_generated_api/nirs4all.pipeline.dagml.run_backend.rst.
Creating file /home/delete/nirs4all/nirs4all/docs/source/_generated_api/nirs4all.pipeline.dagml.run_paths.rst.
Creating file /home/delete/nirs4all/nirs4all/docs/source/_generated_api/nirs4all.pipeline.dagml.sequential_models.rst.
Creating file /home/delete/nirs4all/nirs4all/docs/source/_generated_api/nirs4all.pipeline.dagml.source_missing.rst.
Creating file /home/delete/nirs4all/nirs4all/docs/source/_generated_api/nirs4all.pipeline.dagml.source_stacking.rst.
Creating file /home/delete/nirs4all/nirs4all/docs/source/_generated_api/nirs4all.pipeline.dagml.steps.rst.
Creating file /home/delete/nirs4all/nirs4all/docs/source/_generated_api/nirs4all.pipeline.dagml.structural_classification.rst.
Creating file /home/delete/nirs4all/nirs4all/docs/source/_generated_api/nirs4all.pipeline.dagml.structural_multimodal.rst.
Creating file /home/delete/nirs4all/nirs4all/docs/source/_generated_api/nirs4all.pipeline.dagml.structural_sources.rst.
Creating file /home/delete/nirs4all/nirs4all/docs/source/_generated_api/nirs4all.pipeline.dagml.structural_topology.rst.
Creating file /home/delete/nirs4all/nirs4all/docs/source/_generated_api/nirs4all.pipeline.dagml.structural_torch.rst.
Creating file /home/delete/nirs4all/nirs4all/docs/source/_generated_api/nirs4all.pipeline.dagml.structural_tuning.rst.
Creating file /home/delete/nirs4all/nirs4all/docs/source/_generated_api/nirs4all.pipeline.dagml.target_capture.rst.
Creating file /home/delete/nirs4all/nirs4all/docs/source/_generated_api/nirs4all.pipeline.dagml.terminal_predict_lowerer.rst.
Creating file /home/delete/nirs4all/nirs4all/docs/source/_generated_api/nirs4all.pipeline.dagml.torch_estimator.rst.
Creating file /home/delete/nirs4all/nirs4all/docs/source/_generated_api/nirs4all.pipeline.dagml.torch_topology_replay.rst.
Creating file /home/delete/nirs4all/nirs4all/docs/source/_generated_api/nirs4all.pipeline.dagml.training_compiler.rst.
Creating file /home/delete/nirs4all/nirs4all/docs/source/_generated_api/nirs4all.pipeline.dagml.training_contracts.rst.
Creating file /home/delete/nirs4all/nirs4all/docs/source/_generated_api/nirs4all.pipeline.dagml.training_controls.rst.
Creating file /home/delete/nirs4all/nirs4all/docs/source/_generated_api/nirs4all.pipeline.dagml.tuning_adapters.rst.
Creating file /home/delete/nirs4all/nirs4all/docs/source/_generated_api/nirs4all.pipeline.dagml.tuning_contracts.rst.
Creating file /home/delete/nirs4all/nirs4all/docs/source/_generated_api/nirs4all.pipeline.dagml.tuning_projection.rst.
Creating file /home/delete/nirs4all/nirs4all/docs/source/_generated_api/nirs4all.pipeline.dagml.typed_parallel.rst.
Creating file /home/delete/nirs4all/nirs4all/docs/source/_generated_api/nirs4all.pipeline.dagml.worker_environment.rst.
Creating file /home/delete/nirs4all/nirs4all/docs/source/_generated_api/nirs4all.pipeline.dagml.workspace_projection.rst.
Creating file /home/delete/nirs4all/nirs4all/docs/source/_generated_api/nirs4all.pipeline.execution.rst.
Creating file /home/delete/nirs4all/nirs4all/docs/source/_generated_api/nirs4all.pipeline.execution.builder.rst.
Creating file /home/delete/nirs4all/nirs4all/docs/source/_generated_api/nirs4all.pipeline.execution.executor.rst.
Creating file /home/delete/nirs4all/nirs4all/docs/source/_generated_api/nirs4all.pipeline.execution.orchestrator.rst.
Creating file /home/delete/nirs4all/nirs4all/docs/source/_generated_api/nirs4all.pipeline.execution.preprocessing.rst.
Creating file /home/delete/nirs4all/nirs4all/docs/source/_generated_api/nirs4all.pipeline.execution.result.rst.
Creating file /home/delete/nirs4all/nirs4all/docs/source/_generated_api/nirs4all.pipeline.execution.step_cache.rst.
Creating file /home/delete/nirs4all/nirs4all/docs/source/_generated_api/nirs4all.pipeline.execution.refit.rst.
Creating file /home/delete/nirs4all/nirs4all/docs/source/_generated_api/nirs4all.pipeline.execution.refit.config_extractor.rst.
Creating file /home/delete/nirs4all/nirs4all/docs/source/_generated_api/nirs4all.pipeline.execution.refit.executor.rst.
Creating file /home/delete/nirs4all/nirs4all/docs/source/_generated_api/nirs4all.pipeline.execution.refit.model_selector.rst.
Creating file /home/delete/nirs4all/nirs4all/docs/source/_generated_api/nirs4all.pipeline.execution.refit.stacking_refit.rst.
Creating file /home/delete/nirs4all/nirs4all/docs/source/_generated_api/nirs4all.pipeline.steps.rst.
Creating file /home/delete/nirs4all/nirs4all/docs/source/_generated_api/nirs4all.pipeline.steps.parser.rst.
Creating file /home/delete/nirs4all/nirs4all/docs/source/_generated_api/nirs4all.pipeline.steps.router.rst.
Creating file /home/delete/nirs4all/nirs4all/docs/source/_generated_api/nirs4all.pipeline.steps.step_runner.rst.
Creating file /home/delete/nirs4all/nirs4all/docs/source/_generated_api/nirs4all.pipeline.storage.rst.
Creating file /home/delete/nirs4all/nirs4all/docs/source/_generated_api/nirs4all.pipeline.storage.array_store.rst.
Creating file /home/delete/nirs4all/nirs4all/docs/source/_generated_api/nirs4all.pipeline.storage.chain_builder.rst.
Creating file /home/delete/nirs4all/nirs4all/docs/source/_generated_api/nirs4all.pipeline.storage.chain_replay.rst.
Creating file /home/delete/nirs4all/nirs4all/docs/source/_generated_api/nirs4all.pipeline.storage.library.rst.
Creating file /home/delete/nirs4all/nirs4all/docs/source/_generated_api/nirs4all.pipeline.storage.model_catalogue.rst.
Creating file /home/delete/nirs4all/nirs4all/docs/source/_generated_api/nirs4all.pipeline.storage.prediction_export.rst.
Creating file /home/delete/nirs4all/nirs4all/docs/source/_generated_api/nirs4all.pipeline.storage.store_protocol.rst.
Creating file /home/delete/nirs4all/nirs4all/docs/source/_generated_api/nirs4all.pipeline.storage.store_queries.rst.
Creating file /home/delete/nirs4all/nirs4all/docs/source/_generated_api/nirs4all.pipeline.storage.store_schema.rst.
Creating file /home/delete/nirs4all/nirs4all/docs/source/_generated_api/nirs4all.pipeline.storage.workspace_read_contract.rst.
Creating file /home/delete/nirs4all/nirs4all/docs/source/_generated_api/nirs4all.pipeline.storage.workspace_store.rst.
Creating file /home/delete/nirs4all/nirs4all/docs/source/_generated_api/nirs4all.pipeline.storage.artifacts.rst.
Creating file /home/delete/nirs4all/nirs4all/docs/source/_generated_api/nirs4all.pipeline.storage.artifacts.artifact_loader.rst.
Creating file /home/delete/nirs4all/nirs4all/docs/source/_generated_api/nirs4all.pipeline.storage.artifacts.artifact_persistence.rst.
Creating file /home/delete/nirs4all/nirs4all/docs/source/_generated_api/nirs4all.pipeline.storage.artifacts.artifact_registry.rst.
Creating file /home/delete/nirs4all/nirs4all/docs/source/_generated_api/nirs4all.pipeline.storage.artifacts.operator_chain.rst.
Creating file /home/delete/nirs4all/nirs4all/docs/source/_generated_api/nirs4all.pipeline.storage.artifacts.query_service.rst.
Creating file /home/delete/nirs4all/nirs4all/docs/source/_generated_api/nirs4all.pipeline.storage.artifacts.types.rst.
Creating file /home/delete/nirs4all/nirs4all/docs/source/_generated_api/nirs4all.pipeline.storage.artifacts.utils.rst.
Creating file /home/delete/nirs4all/nirs4all/docs/source/_generated_api/nirs4all.pipeline.trace.rst.
Creating file /home/delete/nirs4all/nirs4all/docs/source/_generated_api/nirs4all.pipeline.trace.execution_trace.rst.
Creating file /home/delete/nirs4all/nirs4all/docs/source/_generated_api/nirs4all.pipeline.trace.extractor.rst.
Creating file /home/delete/nirs4all/nirs4all/docs/source/_generated_api/nirs4all.pipeline.trace.recorder.rst.
Creating file /home/delete/nirs4all/nirs4all/docs/source/_generated_api/nirs4all.sklearn.rst.
Creating file /home/delete/nirs4all/nirs4all/docs/source/_generated_api/nirs4all.sklearn.classifier.rst.
Creating file /home/delete/nirs4all/nirs4all/docs/source/_generated_api/nirs4all.sklearn.pipeline.rst.
Creating file /home/delete/nirs4all/nirs4all/docs/source/_generated_api/nirs4all.synthesis.rst.
Creating file /home/delete/nirs4all/nirs4all/docs/source/_generated_api/nirs4all.synthesis.accelerated.rst.
Creating file /home/delete/nirs4all/nirs4all/docs/source/_generated_api/nirs4all.synthesis.benchmarks.rst.
Creating file /home/delete/nirs4all/nirs4all/docs/source/_generated_api/nirs4all.synthesis.builder.rst.
Creating file /home/delete/nirs4all/nirs4all/docs/source/_generated_api/nirs4all.synthesis.components.rst.
Creating file /home/delete/nirs4all/nirs4all/docs/source/_generated_api/nirs4all.synthesis.config.rst.
Creating file /home/delete/nirs4all/nirs4all/docs/source/_generated_api/nirs4all.synthesis.detectors.rst.
Creating file /home/delete/nirs4all/nirs4all/docs/source/_generated_api/nirs4all.synthesis.domains.rst.
Creating file /home/delete/nirs4all/nirs4all/docs/source/_generated_api/nirs4all.synthesis.environmental.rst.
Creating file /home/delete/nirs4all/nirs4all/docs/source/_generated_api/nirs4all.synthesis.exporter.rst.
Creating file /home/delete/nirs4all/nirs4all/docs/source/_generated_api/nirs4all.synthesis.fitter.rst.
Creating file /home/delete/nirs4all/nirs4all/docs/source/_generated_api/nirs4all.synthesis.generator.rst.
Creating file /home/delete/nirs4all/nirs4all/docs/source/_generated_api/nirs4all.synthesis.instruments.rst.
Creating file /home/delete/nirs4all/nirs4all/docs/source/_generated_api/nirs4all.synthesis.measurement_modes.rst.
Creating file /home/delete/nirs4all/nirs4all/docs/source/_generated_api/nirs4all.synthesis.metadata.rst.
Creating file /home/delete/nirs4all/nirs4all/docs/source/_generated_api/nirs4all.synthesis.prior.rst.
Creating file /home/delete/nirs4all/nirs4all/docs/source/_generated_api/nirs4all.synthesis.procedural.rst.
Creating file /home/delete/nirs4all/nirs4all/docs/source/_generated_api/nirs4all.synthesis.products.rst.
Creating file /home/delete/nirs4all/nirs4all/docs/source/_generated_api/nirs4all.synthesis.scattering.rst.
Creating file /home/delete/nirs4all/nirs4all/docs/source/_generated_api/nirs4all.synthesis.sources.rst.
Creating file /home/delete/nirs4all/nirs4all/docs/source/_generated_api/nirs4all.synthesis.targets.rst.
Creating file /home/delete/nirs4all/nirs4all/docs/source/_generated_api/nirs4all.synthesis.validation.rst.
Creating file /home/delete/nirs4all/nirs4all/docs/source/_generated_api/nirs4all.synthesis.wavenumber.rst.
Creating file /home/delete/nirs4all/nirs4all/docs/source/_generated_api/nirs4all.utils.rst.
Creating file /home/delete/nirs4all/nirs4all/docs/source/_generated_api/nirs4all.utils.backend.rst.
Creating file /home/delete/nirs4all/nirs4all/docs/source/_generated_api/nirs4all.utils.hashing.rst.
Creating file /home/delete/nirs4all/nirs4all/docs/source/_generated_api/nirs4all.utils.header_units.rst.
Creating file /home/delete/nirs4all/nirs4all/docs/source/_generated_api/nirs4all.utils.lazy.rst.
Creating file /home/delete/nirs4all/nirs4all/docs/source/_generated_api/nirs4all.utils.memory.rst.
Creating file /home/delete/nirs4all/nirs4all/docs/source/_generated_api/nirs4all.utils.operator_formatting.rst.
Creating file /home/delete/nirs4all/nirs4all/docs/source/_generated_api/nirs4all.utils.spinner.rst.
Creating file /home/delete/nirs4all/nirs4all/docs/source/_generated_api/nirs4all.utils.transform_output.rst.
Creating file /home/delete/nirs4all/nirs4all/docs/source/_generated_api/nirs4all.visualization.rst.
Creating file /home/delete/nirs4all/nirs4all/docs/source/_generated_api/nirs4all.visualization.display.rst.
Creating file /home/delete/nirs4all/nirs4all/docs/source/_generated_api/nirs4all.visualization.naming.rst.
Creating file /home/delete/nirs4all/nirs4all/docs/source/_generated_api/nirs4all.visualization.pipeline_diagram.rst.
Creating file /home/delete/nirs4all/nirs4all/docs/source/_generated_api/nirs4all.visualization.prediction_cache.rst.
Creating file /home/delete/nirs4all/nirs4all/docs/source/_generated_api/nirs4all.visualization.predictions.rst.
Creating file /home/delete/nirs4all/nirs4all/docs/source/_generated_api/nirs4all.visualization.reports.rst.
Creating file /home/delete/nirs4all/nirs4all/docs/source/_generated_api/nirs4all.visualization.analysis.rst.
Creating file /home/delete/nirs4all/nirs4all/docs/source/_generated_api/nirs4all.visualization.analysis.branch.rst.
Creating file /home/delete/nirs4all/nirs4all/docs/source/_generated_api/nirs4all.visualization.analysis.shap.rst.
Creating file /home/delete/nirs4all/nirs4all/docs/source/_generated_api/nirs4all.visualization.analysis.transfer.rst.
Creating file /home/delete/nirs4all/nirs4all/docs/source/_generated_api/nirs4all.visualization.chart_utils.rst.
Creating file /home/delete/nirs4all/nirs4all/docs/source/_generated_api/nirs4all.visualization.chart_utils.aggregator.rst.
Creating file /home/delete/nirs4all/nirs4all/docs/source/_generated_api/nirs4all.visualization.chart_utils.annotator.rst.
Creating file /home/delete/nirs4all/nirs4all/docs/source/_generated_api/nirs4all.visualization.chart_utils.matrix_builder.rst.
Creating file /home/delete/nirs4all/nirs4all/docs/source/_generated_api/nirs4all.visualization.chart_utils.normalizer.rst.
Creating file /home/delete/nirs4all/nirs4all/docs/source/_generated_api/nirs4all.visualization.chart_utils.predictions_adapter.rst.
Creating file /home/delete/nirs4all/nirs4all/docs/source/_generated_api/nirs4all.visualization.charts.rst.
Creating file /home/delete/nirs4all/nirs4all/docs/source/_generated_api/nirs4all.visualization.charts.base.rst.
Creating file /home/delete/nirs4all/nirs4all/docs/source/_generated_api/nirs4all.visualization.charts.candlestick.rst.
Creating file /home/delete/nirs4all/nirs4all/docs/source/_generated_api/nirs4all.visualization.charts.config.rst.
Creating file /home/delete/nirs4all/nirs4all/docs/source/_generated_api/nirs4all.visualization.charts.confusion_matrix.rst.
Creating file /home/delete/nirs4all/nirs4all/docs/source/_generated_api/nirs4all.visualization.charts.heatmap.rst.
Creating file /home/delete/nirs4all/nirs4all/docs/source/_generated_api/nirs4all.visualization.charts.histogram.rst.
Creating file /home/delete/nirs4all/nirs4all/docs/source/_generated_api/nirs4all.visualization.charts.top_k_comparison.rst.
Creating file /home/delete/nirs4all/nirs4all/docs/source/_generated_api/nirs4all.workspace.rst.
Creating file /home/delete/nirs4all/nirs4all/docs/source/_generated_api/nirs4all.workspace.compat.rst.
Creating file /home/delete/nirs4all/nirs4all/docs/source/_generated_api/nirs4all.workspace.upgrade.rst.
Creating file /home/delete/nirs4all/nirs4all/docs/source/_generated_api/modules.rst.
building [mo]: targets for 0 po files that are out of date
writing output... 
building [linkcheck]: targets for 717 source files that are out of date
updating environment: [new config] 717 added, 717 changed, 0 removed
reading sources... [  0%] _generated_api/modules
reading sources... [  0%] _generated_api/nirs4all
reading sources... [  0%] _generated_api/nirs4all.analysis
reading sources... [  1%] _generated_api/nirs4all.analysis.playground_dataset
reading sources... [  1%] _generated_api/nirs4all.analysis.playground_distances
reading sources... [  1%] _generated_api/nirs4all.analysis.playground_execution
reading sources... [  1%] _generated_api/nirs4all.analysis.playground_facade
reading sources... [  1%] _generated_api/nirs4all.analysis.playground_metrics
reading sources... [  1%] _generated_api/nirs4all.analysis.playground_partition
reading sources... [  1%] _generated_api/nirs4all.analysis.playground_prepare
reading sources... [  2%] _generated_api/nirs4all.analysis.playground_projections
reading sources... [  2%] _generated_api/nirs4all.analysis.playground_statistics
reading sources... [  2%] _generated_api/nirs4all.analysis.playground_steps
reading sources... [  2%] _generated_api/nirs4all.analysis.playground_types
reading sources... [  2%] _generated_api/nirs4all.analysis.presets
reading sources... [  2%] _generated_api/nirs4all.analysis.projections
reading sources... [  2%] _generated_api/nirs4all.analysis.results
reading sources... [  3%] _generated_api/nirs4all.analysis.selector
reading sources... [  3%] _generated_api/nirs4all.analysis.transfer_metrics
reading sources... [  3%] _generated_api/nirs4all.analysis.transfer_utils
reading sources... [  3%] _generated_api/nirs4all.api
reading sources... [  3%] _generated_api/nirs4all.api.advanced_capabilities
reading sources... [  3%] _generated_api/nirs4all.api.calibrate
reading sources... [  3%] _generated_api/nirs4all.api.dagml_training
reading sources... [  3%] _generated_api/nirs4all.api.dataset_documents
reading sources... [  4%] _generated_api/nirs4all.api.dataset_inspection
reading sources... [  4%] _generated_api/nirs4all.api.explain
reading sources... [  4%] _generated_api/nirs4all.api.general_explain
reading sources... [  4%] _generated_api/nirs4all.api.general_retrain
reading sources... [  4%] _generated_api/nirs4all.api.general_synthesis
reading sources... [  4%] _generated_api/nirs4all.api.general_transfer
reading sources... [  4%] _generated_api/nirs4all.api.generate
reading sources... [  5%] _generated_api/nirs4all.api.inspector_json
reading sources... [  5%] _generated_api/nirs4all.api.inspector_normalization
reading sources... [  5%] _generated_api/nirs4all.api.inspector_views
reading sources... [  5%] _generated_api/nirs4all.api.library_playground
reading sources... [  5%] _generated_api/nirs4all.api.native_archive_training
reading sources... [  5%] _generated_api/nirs4all.api.native_capabilities
reading sources... [  5%] _generated_api/nirs4all.api.native_refit_result
reading sources... [  6%] _generated_api/nirs4all.api.native_result
reading sources... [  6%] _generated_api/nirs4all.api.native_retrain_lineage
reading sources... [  6%] _generated_api/nirs4all.api.native_session
reading sources... [  6%] _generated_api/nirs4all.api.native_training
reading sources... [  6%] _generated_api/nirs4all.api.native_witness
reading sources... [  6%] _generated_api/nirs4all.api.portable_archive
reading sources... [  6%] _generated_api/nirs4all.api.predict
reading sources... [  7%] _generated_api/nirs4all.api.public_results
reading sources... [  7%] _generated_api/nirs4all.api.public_tuning
reading sources... [  7%] _generated_api/nirs4all.api.result
reading sources... [  7%] _generated_api/nirs4all.api.retrain
reading sources... [  7%] _generated_api/nirs4all.api.retrain_capabilities
reading sources... [  7%] _generated_api/nirs4all.api.robustness
reading sources... [  7%] _generated_api/nirs4all.api.run
reading sources... [  8%] _generated_api/nirs4all.api.run_selection
reading sources... [  8%] _generated_api/nirs4all.api.session
reading sources... [  8%] _generated_api/nirs4all.api.studio_lineage
reading sources... [  8%] _generated_api/nirs4all.api.studio_scientific
reading sources... [  8%] _generated_api/nirs4all.api.studio_scientific_general
reading sources... [  8%] _generated_api/nirs4all.api.tuning
reading sources... [  8%] _generated_api/nirs4all.api.workspace_chain_snapshot
reading sources... [  9%] _generated_api/nirs4all.cli
reading sources... [  9%] _generated_api/nirs4all.cli.commands
reading sources... [  9%] _generated_api/nirs4all.cli.commands.artifacts
reading sources... [  9%] _generated_api/nirs4all.cli.commands.config
reading sources... [  9%] _generated_api/nirs4all.cli.commands.dataset
reading sources... [  9%] _generated_api/nirs4all.cli.commands.keyword_registry
reading sources... [  9%] _generated_api/nirs4all.cli.commands.results
reading sources... [  9%] _generated_api/nirs4all.cli.commands.robustness_report
reading sources... [ 10%] _generated_api/nirs4all.cli.commands.robustness_summary_schema
reading sources... [ 10%] _generated_api/nirs4all.cli.commands.tuning
reading sources... [ 10%] _generated_api/nirs4all.cli.commands.tuning_space
reading sources... [ 10%] _generated_api/nirs4all.cli.commands.tuning_summary_schema
reading sources... [ 10%] _generated_api/nirs4all.cli.commands.workflow
reading sources... [ 10%] _generated_api/nirs4all.cli.commands.workspace
reading sources... [ 10%] _generated_api/nirs4all.cli.installation_test
reading sources... [ 11%] _generated_api/nirs4all.cli.main
reading sources... [ 11%] _generated_api/nirs4all.config
reading sources... [ 11%] _generated_api/nirs4all.config.cache_config
reading sources... [ 11%] _generated_api/nirs4all.config.validator
reading sources... [ 11%] _generated_api/nirs4all.controllers
reading sources... [ 11%] _generated_api/nirs4all.controllers.base
reading sources... [ 11%] _generated_api/nirs4all.controllers.charts
reading sources... [ 12%] _generated_api/nirs4all.controllers.charts.augmentation
reading sources... [ 12%] _generated_api/nirs4all.controllers.charts.exclusion
reading sources... [ 12%] _generated_api/nirs4all.controllers.charts.folds
reading sources... [ 12%] _generated_api/nirs4all.controllers.charts.spectra
reading sources... [ 12%] _generated_api/nirs4all.controllers.charts.spectral_distribution
reading sources... [ 12%] _generated_api/nirs4all.controllers.charts.targets
reading sources... [ 12%] _generated_api/nirs4all.controllers.controller
reading sources... [ 13%] _generated_api/nirs4all.controllers.data
reading sources... [ 13%] _generated_api/nirs4all.controllers.data.auto_transfer_preproc
reading sources... [ 13%] _generated_api/nirs4all.controllers.data.balancing
reading sources... [ 13%] _generated_api/nirs4all.controllers.data.branch
reading sources... [ 13%] _generated_api/nirs4all.controllers.data.branch_utils
reading sources... [ 13%] _generated_api/nirs4all.controllers.data.concat_transform
reading sources... [ 13%] _generated_api/nirs4all.controllers.data.exclude
reading sources... [ 14%] _generated_api/nirs4all.controllers.data.feature_augmentation
reading sources... [ 14%] _generated_api/nirs4all.controllers.data.feature_selection
reading sources... [ 14%] _generated_api/nirs4all.controllers.data.merge
reading sources... [ 14%] _generated_api/nirs4all.controllers.data.rep_fusion
reading sources... [ 14%] _generated_api/nirs4all.controllers.data.repetition
reading sources... [ 14%] _generated_api/nirs4all.controllers.data.resampler
reading sources... [ 14%] _generated_api/nirs4all.controllers.data.sample_augmentation
reading sources... [ 15%] _generated_api/nirs4all.controllers.data.tag
reading sources... [ 15%] _generated_api/nirs4all.controllers.flow
reading sources... [ 15%] _generated_api/nirs4all.controllers.flow.dummy
reading sources... [ 15%] _generated_api/nirs4all.controllers.models
reading sources... [ 15%] _generated_api/nirs4all.controllers.models.autogluon_model
reading sources... [ 15%] _generated_api/nirs4all.controllers.models.base_model
reading sources... [ 15%] _generated_api/nirs4all.controllers.models.components
reading sources... [ 15%] _generated_api/nirs4all.controllers.models.components.identifier_generator
reading sources... [ 16%] _generated_api/nirs4all.controllers.models.components.index_normalizer
reading sources... [ 16%] _generated_api/nirs4all.controllers.models.components.prediction_assembler
reading sources... [ 16%] _generated_api/nirs4all.controllers.models.components.prediction_transformer
reading sources... [ 16%] _generated_api/nirs4all.controllers.models.components.score_calculator
reading sources... [ 16%] _generated_api/nirs4all.controllers.models.factory
reading sources... [ 16%] _generated_api/nirs4all.controllers.models.jax_model
reading sources... [ 16%] _generated_api/nirs4all.controllers.models.jax_wrapper
reading sources... [ 17%] _generated_api/nirs4all.controllers.models.meta_model
reading sources... [ 17%] _generated_api/nirs4all.controllers.models.pipeline_cv
reading sources... [ 17%] _generated_api/nirs4all.controllers.models.residual_model
reading sources... [ 17%] _generated_api/nirs4all.controllers.models.sklearn_model
reading sources... [ 17%] _generated_api/nirs4all.controllers.models.stacking
reading sources... [ 17%] _generated_api/nirs4all.controllers.models.stacking.branch_validator
reading sources... [ 17%] _generated_api/nirs4all.controllers.models.stacking.classification
reading sources... [ 18%] _generated_api/nirs4all.controllers.models.stacking.config
reading sources... [ 18%] _generated_api/nirs4all.controllers.models.stacking.crossbranch
reading sources... [ 18%] _generated_api/nirs4all.controllers.models.stacking.exceptions
reading sources... [ 18%] _generated_api/nirs4all.controllers.models.stacking.multilevel
reading sources... [ 18%] _generated_api/nirs4all.controllers.models.stacking.reconstructor
reading sources... [ 18%] _generated_api/nirs4all.controllers.models.stacking.serialization
reading sources... [ 18%] _generated_api/nirs4all.controllers.models.tensorflow
reading sources... [ 19%] _generated_api/nirs4all.controllers.models.tensorflow.config
reading sources... [ 19%] _generated_api/nirs4all.controllers.models.tensorflow.data_prep
reading sources... [ 19%] _generated_api/nirs4all.controllers.models.tensorflow_model
reading sources... [ 19%] _generated_api/nirs4all.controllers.models.torch_model
reading sources... [ 19%] _generated_api/nirs4all.controllers.models.utilities
reading sources... [ 19%] _generated_api/nirs4all.controllers.presets
reading sources... [ 19%] _generated_api/nirs4all.controllers.registry
reading sources... [ 20%] _generated_api/nirs4all.controllers.shared
reading sources... [ 20%] _generated_api/nirs4all.controllers.shared.model_selector
reading sources... [ 20%] _generated_api/nirs4all.controllers.shared.prediction_aggregator
reading sources... [ 20%] _generated_api/nirs4all.controllers.splitters
reading sources... [ 20%] _generated_api/nirs4all.controllers.splitters.fold_file_loader
reading sources... [ 20%] _generated_api/nirs4all.controllers.splitters.split
reading sources... [ 20%] _generated_api/nirs4all.controllers.transforms
reading sources... [ 21%] _generated_api/nirs4all.controllers.transforms.cluster
reading sources... [ 21%] _generated_api/nirs4all.controllers.transforms.transformer
reading sources... [ 21%] _generated_api/nirs4all.controllers.transforms.y_transformer
reading sources... [ 21%] _generated_api/nirs4all.core
reading sources... [ 21%] _generated_api/nirs4all.core.config
reading sources... [ 21%] _generated_api/nirs4all.core.exceptions
reading sources... [ 21%] _generated_api/nirs4all.core.logging
reading sources... [ 21%] _generated_api/nirs4all.core.logging.config
reading sources... [ 22%] _generated_api/nirs4all.core.logging.context
reading sources... [ 22%] _generated_api/nirs4all.core.logging.events
reading sources... [ 22%] _generated_api/nirs4all.core.logging.formatters
reading sources... [ 22%] _generated_api/nirs4all.core.logging.handlers
reading sources... [ 22%] _generated_api/nirs4all.core.logging.progress
reading sources... [ 22%] _generated_api/nirs4all.core.metrics
reading sources... [ 22%] _generated_api/nirs4all.core.task_detection
reading sources... [ 23%] _generated_api/nirs4all.core.task_type
reading sources... [ 23%] _generated_api/nirs4all.data
reading sources... [ 23%] _generated_api/nirs4all.data.binning
reading sources... [ 23%] _generated_api/nirs4all.data.config
reading sources... [ 23%] _generated_api/nirs4all.data.config_parser
reading sources... [ 23%] _generated_api/nirs4all.data.dataset
reading sources... [ 23%] _generated_api/nirs4all.data.detection
reading sources... [ 24%] _generated_api/nirs4all.data.detection.detector
reading sources... [ 24%] _generated_api/nirs4all.data.ensemble_utils
reading sources... [ 24%] _generated_api/nirs4all.data.features
reading sources... [ 24%] _generated_api/nirs4all.data.fit_influence
reading sources... [ 24%] _generated_api/nirs4all.data.indexer
reading sources... [ 24%] _generated_api/nirs4all.data.loaders
reading sources... [ 24%] _generated_api/nirs4all.data.loaders.archive_loader
reading sources... [ 25%] _generated_api/nirs4all.data.loaders.base
reading sources... [ 25%] _generated_api/nirs4all.data.loaders.csv_loader_new
reading sources... [ 25%] _generated_api/nirs4all.data.loaders.excel_loader
reading sources... [ 25%] _generated_api/nirs4all.data.loaders.loader
reading sources... [ 25%] _generated_api/nirs4all.data.loaders.matlab_loader
reading sources... [ 25%] _generated_api/nirs4all.data.loaders.numpy_loader
reading sources... [ 25%] _generated_api/nirs4all.data.loaders.parquet_loader
reading sources... [ 26%] _generated_api/nirs4all.data.meta_features
reading sources... [ 26%] _generated_api/nirs4all.data.metadata
reading sources... [ 26%] _generated_api/nirs4all.data.multimodal
reading sources... [ 26%] _generated_api/nirs4all.data.parsers
reading sources... [ 26%] _generated_api/nirs4all.data.parsers.base
reading sources... [ 26%] _generated_api/nirs4all.data.parsers.files_parser
reading sources... [ 26%] _generated_api/nirs4all.data.parsers.folder_parser
reading sources... [ 26%] _generated_api/nirs4all.data.parsers.normalizer
reading sources... [ 27%] _generated_api/nirs4all.data.performance
reading sources... [ 27%] _generated_api/nirs4all.data.performance.cache
reading sources... [ 27%] _generated_api/nirs4all.data.predictions
reading sources... [ 27%] _generated_api/nirs4all.data.raw_multisource
reading sources... [ 27%] _generated_api/nirs4all.data.reduction
reading sources... [ 27%] _generated_api/nirs4all.data.relation_replay_manifest
reading sources... [ 27%] _generated_api/nirs4all.data.relations
reading sources... [ 28%] _generated_api/nirs4all.data.repetition_detection
reading sources... [ 28%] _generated_api/nirs4all.data.schema
reading sources... [ 28%] _generated_api/nirs4all.data.schema.config
reading sources... [ 28%] _generated_api/nirs4all.data.schema.validation
reading sources... [ 28%] _generated_api/nirs4all.data.schema.validation.error_codes
reading sources... [ 28%] _generated_api/nirs4all.data.schema.validation.validators
reading sources... [ 28%] _generated_api/nirs4all.data.selection
reading sources... [ 29%] _generated_api/nirs4all.data.selection.sampling
reading sources... [ 29%] _generated_api/nirs4all.data.serialization
reading sources... [ 29%] _generated_api/nirs4all.data.serialization.serializer
reading sources... [ 29%] _generated_api/nirs4all.data.signal_type
reading sources... [ 29%] _generated_api/nirs4all.data.targets
reading sources... [ 29%] _generated_api/nirs4all.data.types
reading sources... [ 29%] _generated_api/nirs4all.operators
reading sources... [ 30%] _generated_api/nirs4all.operators.augmentation
reading sources... [ 30%] _generated_api/nirs4all.operators.augmentation.edge_artifacts
reading sources... [ 30%] _generated_api/nirs4all.operators.augmentation.environmental
reading sources... [ 30%] _generated_api/nirs4all.operators.augmentation.native
reading sources... [ 30%] _generated_api/nirs4all.operators.augmentation.random
reading sources... [ 30%] _generated_api/nirs4all.operators.augmentation.scattering
reading sources... [ 30%] _generated_api/nirs4all.operators.augmentation.spectral
reading sources... [ 31%] _generated_api/nirs4all.operators.augmentation.splines
reading sources... [ 31%] _generated_api/nirs4all.operators.augmentation.synthesis
reading sources... [ 31%] _generated_api/nirs4all.operators.base
reading sources... [ 31%] _generated_api/nirs4all.operators.base.spectra_mixin
reading sources... [ 31%] _generated_api/nirs4all.operators.data
reading sources... [ 31%] _generated_api/nirs4all.operators.data.merge
reading sources... [ 31%] _generated_api/nirs4all.operators.data.rep_fusion
reading sources... [ 32%] _generated_api/nirs4all.operators.data.repetition
reading sources... [ 32%] _generated_api/nirs4all.operators.filters
reading sources... [ 32%] _generated_api/nirs4all.operators.filters.base
reading sources... [ 32%] _generated_api/nirs4all.operators.filters.high_leverage
reading sources... [ 32%] _generated_api/nirs4all.operators.filters.metadata
reading sources... [ 32%] _generated_api/nirs4all.operators.filters.native
reading sources... [ 32%] _generated_api/nirs4all.operators.filters.report
reading sources... [ 32%] _generated_api/nirs4all.operators.filters.spectral_quality
reading sources... [ 33%] _generated_api/nirs4all.operators.filters.x_outlier
reading sources... [ 33%] _generated_api/nirs4all.operators.filters.y_outlier
reading sources... [ 33%] _generated_api/nirs4all.operators.methods
reading sources... [ 33%] _generated_api/nirs4all.operators.methods.n4m_ops
reading sources... [ 33%] _generated_api/nirs4all.operators.models
reading sources... [ 33%] _generated_api/nirs4all.operators.models.base
reading sources... [ 33%] _generated_api/nirs4all.operators.models.jax
reading sources... [ 34%] _generated_api/nirs4all.operators.models.jax.generic
reading sources... [ 34%] _generated_api/nirs4all.operators.models.jax.nicon
reading sources... [ 34%] _generated_api/nirs4all.operators.models.meta
reading sources... [ 34%] _generated_api/nirs4all.operators.models.multimodal
reading sources... [ 34%] _generated_api/nirs4all.operators.models.pytorch
reading sources... [ 34%] _generated_api/nirs4all.operators.models.pytorch.mlp
reading sources... [ 34%] _generated_api/nirs4all.operators.models.pytorch.nicon
reading sources... [ 35%] _generated_api/nirs4all.operators.models.pytorch.spectral_transformer
reading sources... [ 35%] _generated_api/nirs4all.operators.models.residual
reading sources... [ 35%] _generated_api/nirs4all.operators.models.selection
reading sources... [ 35%] _generated_api/nirs4all.operators.models.sklearn
reading sources... [ 35%] _generated_api/nirs4all.operators.models.sklearn.aom_fast
reading sources... [ 35%] _generated_api/nirs4all.operators.models.sklearn.aom_pls
reading sources... [ 35%] _generated_api/nirs4all.operators.models.sklearn.aom_pls_aomlib
reading sources... [ 36%] _generated_api/nirs4all.operators.models.sklearn.aom_pls_classifier
reading sources... [ 36%] _generated_api/nirs4all.operators.models.sklearn.aom_ridge
reading sources... [ 36%] _generated_api/nirs4all.operators.models.sklearn.dipls
reading sources... [ 36%] _generated_api/nirs4all.operators.models.sklearn.fckpls
reading sources... [ 36%] _generated_api/nirs4all.operators.models.sklearn.ikpls
reading sources... [ 36%] _generated_api/nirs4all.operators.models.sklearn.ipls
reading sources... [ 36%] _generated_api/nirs4all.operators.models.sklearn.kopls
reading sources... [ 37%] _generated_api/nirs4all.operators.models.sklearn.lwpls
reading sources... [ 37%] _generated_api/nirs4all.operators.models.sklearn.mbpls
reading sources... [ 37%] _generated_api/nirs4all.operators.models.sklearn.nlpls
reading sources... [ 37%] _generated_api/nirs4all.operators.models.sklearn.oklmpls
reading sources... [ 37%] _generated_api/nirs4all.operators.models.sklearn.opls
reading sources... [ 37%] _generated_api/nirs4all.operators.models.sklearn.oplsda
reading sources... [ 37%] _generated_api/nirs4all.operators.models.sklearn.pcr
reading sources... [ 38%] _generated_api/nirs4all.operators.models.sklearn.plsda
reading sources... [ 38%] _generated_api/nirs4all.operators.models.sklearn.pop_pls
reading sources... [ 38%] _generated_api/nirs4all.operators.models.sklearn.pop_pls_classifier
reading sources... [ 38%] _generated_api/nirs4all.operators.models.sklearn.recursive_pls
reading sources... [ 38%] _generated_api/nirs4all.operators.models.sklearn.robust_pls
reading sources... [ 38%] _generated_api/nirs4all.operators.models.sklearn.simpls
reading sources... [ 38%] _generated_api/nirs4all.operators.models.sklearn.sparsepls
reading sources... [ 38%] _generated_api/nirs4all.operators.models.sklearn.tabpfn_nirs
reading sources... [ 39%] _generated_api/nirs4all.operators.models.tensorflow
reading sources... [ 39%] _generated_api/nirs4all.operators.models.tensorflow.generic
reading sources... [ 39%] _generated_api/nirs4all.operators.models.tensorflow.legacy
reading sources... [ 39%] _generated_api/nirs4all.operators.models.tensorflow.legacy.inception_1d_cnn
reading sources... [ 39%] _generated_api/nirs4all.operators.models.tensorflow.legacy.resnet_v2_1d_cnn
reading sources... [ 39%] _generated_api/nirs4all.operators.models.tensorflow.legacy.se_resnet_1d_cnn
reading sources... [ 39%] _generated_api/nirs4all.operators.models.tensorflow.legacy.vgg_1d_cnn
reading sources... [ 40%] _generated_api/nirs4all.operators.models.tensorflow.nicon
reading sources... [ 40%] _generated_api/nirs4all.operators.splitters
reading sources... [ 40%] _generated_api/nirs4all.operators.splitters.grouped_wrapper
reading sources... [ 40%] _generated_api/nirs4all.operators.splitters.splitters
reading sources... [ 40%] _generated_api/nirs4all.operators.transforms
reading sources... [ 40%] _generated_api/nirs4all.operators.transforms.concat
reading sources... [ 40%] _generated_api/nirs4all.operators.transforms.fck_static
reading sources... [ 41%] _generated_api/nirs4all.operators.transforms.feature_selection
reading sources... [ 41%] _generated_api/nirs4all.operators.transforms.features
reading sources... [ 41%] _generated_api/nirs4all.operators.transforms.nirs
reading sources... [ 41%] _generated_api/nirs4all.operators.transforms.norris_williams
reading sources... [ 41%] _generated_api/nirs4all.operators.transforms.orthogonalization
reading sources... [ 41%] _generated_api/nirs4all.operators.transforms.presets
reading sources... [ 41%] _generated_api/nirs4all.operators.transforms.resampler
reading sources... [ 42%] _generated_api/nirs4all.operators.transforms.scalers
reading sources... [ 42%] _generated_api/nirs4all.operators.transforms.sequence
reading sources... [ 42%] _generated_api/nirs4all.operators.transforms.signal
reading sources... [ 42%] _generated_api/nirs4all.operators.transforms.signal_conversion
reading sources... [ 42%] _generated_api/nirs4all.operators.transforms.targets
reading sources... [ 42%] _generated_api/nirs4all.operators.transforms.wavelet_denoise
reading sources... [ 42%] _generated_api/nirs4all.optimization
reading sources... [ 43%] _generated_api/nirs4all.optimization.n4m_engine
reading sources... [ 43%] _generated_api/nirs4all.optimization.optuna
reading sources... [ 43%] _generated_api/nirs4all.optimization.preprocessing
reading sources... [ 43%] _generated_api/nirs4all.pipeline
reading sources... [ 43%] _generated_api/nirs4all.pipeline.analysis
reading sources... [ 43%] _generated_api/nirs4all.pipeline.analysis.model_diagnostics
reading sources... [ 43%] _generated_api/nirs4all.pipeline.analysis.shape_inference
reading sources... [ 44%] _generated_api/nirs4all.pipeline.analysis.splitter_config
reading sources... [ 44%] _generated_api/nirs4all.pipeline.analysis.topology
reading sources... [ 44%] _generated_api/nirs4all.pipeline.bundle
reading sources... [ 44%] _generated_api/nirs4all.pipeline.bundle.constants
reading sources... [ 44%] _generated_api/nirs4all.pipeline.bundle.generator
reading sources... [ 44%] _generated_api/nirs4all.pipeline.bundle.loader
reading sources... [ 44%] _generated_api/nirs4all.pipeline.config
reading sources... [ 44%] _generated_api/nirs4all.pipeline.config.component_serialization
reading sources... [ 45%] _generated_api/nirs4all.pipeline.config.context
reading sources... [ 45%] _generated_api/nirs4all.pipeline.config.generator
reading sources... [ 45%] _generated_api/nirs4all.pipeline.config.pipeline_config
reading sources... [ 45%] _generated_api/nirs4all.pipeline.config.portable_method_specs
reading sources... [ 45%] _generated_api/nirs4all.pipeline.config.refit_params
reading sources... [ 45%] _generated_api/nirs4all.pipeline.dagml
reading sources... [ 45%] _generated_api/nirs4all.pipeline.dagml.attested_by_source
reading sources... [ 46%] _generated_api/nirs4all.pipeline.dagml.auto_transfer
reading sources... [ 46%] _generated_api/nirs4all.pipeline.dagml.autogluon_estimator
reading sources... [ 46%] _generated_api/nirs4all.pipeline.dagml.cancellation
reading sources... [ 46%] _generated_api/nirs4all.pipeline.dagml.chart_projection
reading sources... [ 46%] _generated_api/nirs4all.pipeline.dagml.cli_runner
reading sources... [ 46%] _generated_api/nirs4all.pipeline.dagml.conformal_contracts
reading sources... [ 46%] _generated_api/nirs4all.pipeline.dagml.conformal_store
reading sources... [ 47%] _generated_api/nirs4all.pipeline.dagml.core_archive_replay
reading sources... [ 47%] _generated_api/nirs4all.pipeline.dagml.cv_weight_transfer
reading sources... [ 47%] _generated_api/nirs4all.pipeline.dagml.data_provider
reading sources... [ 47%] _generated_api/nirs4all.pipeline.dagml.dataset
reading sources... [ 47%] _generated_api/nirs4all.pipeline.dagml.detect
reading sources... [ 47%] _generated_api/nirs4all.pipeline.dagml.envelope
reading sources... [ 47%] _generated_api/nirs4all.pipeline.dagml.errors
reading sources... [ 48%] _generated_api/nirs4all.pipeline.dagml.estimator
reading sources... [ 48%] _generated_api/nirs4all.pipeline.dagml.exclude
reading sources... [ 48%] _generated_api/nirs4all.pipeline.dagml.experimental_units
reading sources... [ 48%] _generated_api/nirs4all.pipeline.dagml.finetune_lowering
reading sources... [ 48%] _generated_api/nirs4all.pipeline.dagml.fit_identity
reading sources... [ 48%] _generated_api/nirs4all.pipeline.dagml.fixed_cohort_views
reading sources... [ 48%] _generated_api/nirs4all.pipeline.dagml.folds
reading sources... [ 49%] _generated_api/nirs4all.pipeline.dagml.framework_estimator
reading sources... [ 49%] _generated_api/nirs4all.pipeline.dagml.full_train
reading sources... [ 49%] _generated_api/nirs4all.pipeline.dagml.full_train_variants
reading sources... [ 49%] _generated_api/nirs4all.pipeline.dagml.general_archive
reading sources... [ 49%] _generated_api/nirs4all.pipeline.dagml.general_replay
reading sources... [ 49%] _generated_api/nirs4all.pipeline.dagml.general_workspace
reading sources... [ 49%] _generated_api/nirs4all.pipeline.dagml.generated_hpo_subprocess
reading sources... [ 50%] _generated_api/nirs4all.pipeline.dagml.generated_hpo_worker
reading sources... [ 50%] _generated_api/nirs4all.pipeline.dagml.generated_subprocess
reading sources... [ 50%] _generated_api/nirs4all.pipeline.dagml.generated_views
reading sources... [ 50%] _generated_api/nirs4all.pipeline.dagml.generated_worker
reading sources... [ 50%] _generated_api/nirs4all.pipeline.dagml.host_artifacts
reading sources... [ 50%] _generated_api/nirs4all.pipeline.dagml.host_finetune
reading sources... [ 50%] _generated_api/nirs4all.pipeline.dagml.host_hpo_candidate
reading sources... [ 50%] _generated_api/nirs4all.pipeline.dagml.host_hpo_candidate_worker
reading sources... [ 51%] _generated_api/nirs4all.pipeline.dagml.host_search_checkpoint
reading sources... [ 51%] _generated_api/nirs4all.pipeline.dagml.identity
reading sources... [ 51%] _generated_api/nirs4all.pipeline.dagml.in_process_runner
reading sources... [ 51%] _generated_api/nirs4all.pipeline.dagml.initial_refit_replay
reading sources... [ 51%] _generated_api/nirs4all.pipeline.dagml.late_tuning
reading sources... [ 51%] _generated_api/nirs4all.pipeline.dagml.methods_classification
reading sources... [ 51%] _generated_api/nirs4all.pipeline.dagml.methods_lane
reading sources... [ 52%] _generated_api/nirs4all.pipeline.dagml.methods_multimodal
reading sources... [ 52%] _generated_api/nirs4all.pipeline.dagml.methods_replay
reading sources... [ 52%] _generated_api/nirs4all.pipeline.dagml.methods_runtime
reading sources... [ 52%] _generated_api/nirs4all.pipeline.dagml.multimodal_contracts
reading sources... [ 52%] _generated_api/nirs4all.pipeline.dagml.multimodal_tuning
reading sources... [ 52%] _generated_api/nirs4all.pipeline.dagml.na_policy
reading sources... [ 52%] _generated_api/nirs4all.pipeline.dagml.named_stacking
reading sources... [ 53%] _generated_api/nirs4all.pipeline.dagml.named_torch
reading sources... [ 53%] _generated_api/nirs4all.pipeline.dagml.named_torch_estimator
reading sources... [ 53%] _generated_api/nirs4all.pipeline.dagml.native_archive_replay
reading sources... [ 53%] _generated_api/nirs4all.pipeline.dagml.native_client
reading sources... [ 53%] _generated_api/nirs4all.pipeline.dagml.native_conformal_calibration
reading sources... [ 53%] _generated_api/nirs4all.pipeline.dagml.native_pls_fold_hpo
reading sources... [ 53%] _generated_api/nirs4all.pipeline.dagml.native_pls_phase_controls
reading sources... [ 54%] _generated_api/nirs4all.pipeline.dagml.native_pls_phase_replay
reading sources... [ 54%] _generated_api/nirs4all.pipeline.dagml.native_results
reading sources... [ 54%] _generated_api/nirs4all.pipeline.dagml.native_vote
reading sources... [ 54%] _generated_api/nirs4all.pipeline.dagml.node_runner
reading sources... [ 54%] _generated_api/nirs4all.pipeline.dagml.operator_parameters
reading sources... [ 54%] _generated_api/nirs4all.pipeline.dagml.operator_routing
reading sources... [ 54%] _generated_api/nirs4all.pipeline.dagml.pipeline_objective
reading sources... [ 55%] _generated_api/nirs4all.pipeline.dagml.pipeline_objective_compiler
reading sources... [ 55%] _generated_api/nirs4all.pipeline.dagml.process_adapter
reading sources... [ 55%] _generated_api/nirs4all.pipeline.dagml.public_batch
reading sources... [ 55%] _generated_api/nirs4all.pipeline.dagml.public_normalization
reading sources... [ 55%] _generated_api/nirs4all.pipeline.dagml.raw_replay_lowerer
reading sources... [ 55%] _generated_api/nirs4all.pipeline.dagml.raw_training_lowerer
reading sources... [ 55%] _generated_api/nirs4all.pipeline.dagml.residual_run
reading sources... [ 56%] _generated_api/nirs4all.pipeline.dagml.resolver
reading sources... [ 56%] _generated_api/nirs4all.pipeline.dagml.resources
reading sources... [ 56%] _generated_api/nirs4all.pipeline.dagml.result
reading sources... [ 56%] _generated_api/nirs4all.pipeline.dagml.rt
reading sources... [ 56%] _generated_api/nirs4all.pipeline.dagml.run_backend
reading sources... [ 56%] _generated_api/nirs4all.pipeline.dagml.run_paths
reading sources... [ 56%] _generated_api/nirs4all.pipeline.dagml.sequential_models
reading sources... [ 56%] _generated_api/nirs4all.pipeline.dagml.source_missing
reading sources... [ 57%] _generated_api/nirs4all.pipeline.dagml.source_stacking
reading sources... [ 57%] _generated_api/nirs4all.pipeline.dagml.steps
reading sources... [ 57%] _generated_api/nirs4all.pipeline.dagml.structural_classification
reading sources... [ 57%] _generated_api/nirs4all.pipeline.dagml.structural_multimodal
reading sources... [ 57%] _generated_api/nirs4all.pipeline.dagml.structural_sources
reading sources... [ 57%] _generated_api/nirs4all.pipeline.dagml.structural_topology
reading sources... [ 57%] _generated_api/nirs4all.pipeline.dagml.structural_torch
reading sources... [ 58%] _generated_api/nirs4all.pipeline.dagml.structural_tuning
reading sources... [ 58%] _generated_api/nirs4all.pipeline.dagml.target_capture
reading sources... [ 58%] _generated_api/nirs4all.pipeline.dagml.terminal_predict_lowerer
reading sources... [ 58%] _generated_api/nirs4all.pipeline.dagml.torch_estimator
reading sources... [ 58%] _generated_api/nirs4all.pipeline.dagml.torch_topology_replay
reading sources... [ 58%] _generated_api/nirs4all.pipeline.dagml.training_compiler
reading sources... [ 58%] _generated_api/nirs4all.pipeline.dagml.training_contracts
reading sources... [ 59%] _generated_api/nirs4all.pipeline.dagml.training_controls
reading sources... [ 59%] _generated_api/nirs4all.pipeline.dagml.tuning_adapters
reading sources... [ 59%] _generated_api/nirs4all.pipeline.dagml.tuning_contracts
reading sources... [ 59%] _generated_api/nirs4all.pipeline.dagml.tuning_projection
reading sources... [ 59%] _generated_api/nirs4all.pipeline.dagml.typed_parallel
reading sources... [ 59%] _generated_api/nirs4all.pipeline.dagml.worker_environment
reading sources... [ 59%] _generated_api/nirs4all.pipeline.dagml.workspace_projection
reading sources... [ 60%] _generated_api/nirs4all.pipeline.dagml_bridge
reading sources... [ 60%] _generated_api/nirs4all.pipeline.engine
reading sources... [ 60%] _generated_api/nirs4all.pipeline.execution
reading sources... [ 60%] _generated_api/nirs4all.pipeline.execution.builder
reading sources... [ 60%] _generated_api/nirs4all.pipeline.execution.executor
reading sources... [ 60%] _generated_api/nirs4all.pipeline.execution.orchestrator
reading sources... [ 60%] _generated_api/nirs4all.pipeline.execution.preprocessing
reading sources... [ 61%] _generated_api/nirs4all.pipeline.execution.refit
reading sources... [ 61%] _generated_api/nirs4all.pipeline.execution.refit.config_extractor
reading sources... [ 61%] _generated_api/nirs4all.pipeline.execution.refit.executor
reading sources... [ 61%] _generated_api/nirs4all.pipeline.execution.refit.model_selector
reading sources... [ 61%] _generated_api/nirs4all.pipeline.execution.refit.stacking_refit
reading sources... [ 61%] _generated_api/nirs4all.pipeline.execution.result
reading sources... [ 61%] _generated_api/nirs4all.pipeline.execution.step_cache
reading sources... [ 62%] _generated_api/nirs4all.pipeline.explain_lineage
reading sources... [ 62%] _generated_api/nirs4all.pipeline.explainer
reading sources... [ 62%] _generated_api/nirs4all.pipeline.keyword_registry
reading sources... [ 62%] _generated_api/nirs4all.pipeline.minimal_predictor
reading sources... [ 62%] _generated_api/nirs4all.pipeline.portable_n4m_roles
reading sources... [ 62%] _generated_api/nirs4all.pipeline.portable_n4m_trained
reading sources... [ 62%] _generated_api/nirs4all.pipeline.predictor
reading sources... [ 62%] _generated_api/nirs4all.pipeline.resolver
reading sources... [ 63%] _generated_api/nirs4all.pipeline.retrainer
reading sources... [ 63%] _generated_api/nirs4all.pipeline.run
reading sources... [ 63%] _generated_api/nirs4all.pipeline.runner
reading sources... [ 63%] _generated_api/nirs4all.pipeline.steps
reading sources... [ 63%] _generated_api/nirs4all.pipeline.steps.parser
reading sources... [ 63%] _generated_api/nirs4all.pipeline.steps.router
reading sources... [ 63%] _generated_api/nirs4all.pipeline.steps.step_runner
reading sources... [ 64%] _generated_api/nirs4all.pipeline.storage
reading sources... [ 64%] _generated_api/nirs4all.pipeline.storage.array_store
reading sources... [ 64%] _generated_api/nirs4all.pipeline.storage.artifacts
reading sources... [ 64%] _generated_api/nirs4all.pipeline.storage.artifacts.artifact_loader
reading sources... [ 64%] _generated_api/nirs4all.pipeline.storage.artifacts.artifact_persistence
reading sources... [ 64%] _generated_api/nirs4all.pipeline.storage.artifacts.artifact_registry
reading sources... [ 64%] _generated_api/nirs4all.pipeline.storage.artifacts.operator_chain
reading sources... [ 65%] _generated_api/nirs4all.pipeline.storage.artifacts.query_service
reading sources... [ 65%] _generated_api/nirs4all.pipeline.storage.artifacts.types
reading sources... [ 65%] _generated_api/nirs4all.pipeline.storage.artifacts.utils
reading sources... [ 65%] _generated_api/nirs4all.pipeline.storage.chain_builder
reading sources... [ 65%] _generated_api/nirs4all.pipeline.storage.chain_replay
reading sources... [ 65%] _generated_api/nirs4all.pipeline.storage.library
reading sources... [ 65%] _generated_api/nirs4all.pipeline.storage.model_catalogue
reading sources... [ 66%] _generated_api/nirs4all.pipeline.storage.prediction_export
reading sources... [ 66%] _generated_api/nirs4all.pipeline.storage.store_protocol
reading sources... [ 66%] _generated_api/nirs4all.pipeline.storage.store_queries
reading sources... [ 66%] _generated_api/nirs4all.pipeline.storage.store_schema
reading sources... [ 66%] _generated_api/nirs4all.pipeline.storage.workspace_read_contract
reading sources... [ 66%] _generated_api/nirs4all.pipeline.storage.workspace_store
reading sources... [ 66%] _generated_api/nirs4all.pipeline.trace
reading sources... [ 67%] _generated_api/nirs4all.pipeline.trace.execution_trace
reading sources... [ 67%] _generated_api/nirs4all.pipeline.trace.extractor
reading sources... [ 67%] _generated_api/nirs4all.pipeline.trace.recorder
reading sources... [ 67%] _generated_api/nirs4all.runtime
reading sources... [ 67%] _generated_api/nirs4all.sklearn
reading sources... [ 67%] _generated_api/nirs4all.sklearn.classifier
reading sources... [ 67%] _generated_api/nirs4all.sklearn.pipeline
reading sources... [ 68%] _generated_api/nirs4all.synthesis
reading sources... [ 68%] _generated_api/nirs4all.synthesis.accelerated
reading sources... [ 68%] _generated_api/nirs4all.synthesis.benchmarks
reading sources... [ 68%] _generated_api/nirs4all.synthesis.builder
reading sources... [ 68%] _generated_api/nirs4all.synthesis.components
reading sources... [ 68%] _generated_api/nirs4all.synthesis.config
reading sources... [ 68%] _generated_api/nirs4all.synthesis.detectors
reading sources... [ 68%] _generated_api/nirs4all.synthesis.domains
reading sources... [ 69%] _generated_api/nirs4all.synthesis.environmental
reading sources... [ 69%] _generated_api/nirs4all.synthesis.exporter
reading sources... [ 69%] _generated_api/nirs4all.synthesis.fitter
reading sources... [ 69%] _generated_api/nirs4all.synthesis.generator
reading sources... [ 69%] _generated_api/nirs4all.synthesis.instruments
reading sources... [ 69%] _generated_api/nirs4all.synthesis.measurement_modes
reading sources... [ 69%] _generated_api/nirs4all.synthesis.metadata
reading sources... [ 70%] _generated_api/nirs4all.synthesis.prior
reading sources... [ 70%] _generated_api/nirs4all.synthesis.procedural
reading sources... [ 70%] _generated_api/nirs4all.synthesis.products
reading sources... [ 70%] _generated_api/nirs4all.synthesis.scattering
reading sources... [ 70%] _generated_api/nirs4all.synthesis.sources
reading sources... [ 70%] _generated_api/nirs4all.synthesis.targets
reading sources... [ 70%] _generated_api/nirs4all.synthesis.validation
reading sources... [ 71%] _generated_api/nirs4all.synthesis.wavenumber
reading sources... [ 71%] _generated_api/nirs4all.utils
reading sources... [ 71%] _generated_api/nirs4all.utils.backend
reading sources... [ 71%] _generated_api/nirs4all.utils.hashing
reading sources... [ 71%] _generated_api/nirs4all.utils.header_units
reading sources... [ 71%] _generated_api/nirs4all.utils.lazy
reading sources... [ 71%] _generated_api/nirs4all.utils.memory
reading sources... [ 72%] _generated_api/nirs4all.utils.operator_formatting
reading sources... [ 72%] _generated_api/nirs4all.utils.spinner
reading sources... [ 72%] _generated_api/nirs4all.utils.transform_output
reading sources... [ 72%] _generated_api/nirs4all.visualization
reading sources... [ 72%] _generated_api/nirs4all.visualization.analysis
reading sources... [ 72%] _generated_api/nirs4all.visualization.analysis.branch
reading sources... [ 72%] _generated_api/nirs4all.visualization.analysis.shap
reading sources... [ 73%] _generated_api/nirs4all.visualization.analysis.transfer
reading sources... [ 73%] _generated_api/nirs4all.visualization.chart_utils
reading sources... [ 73%] _generated_api/nirs4all.visualization.chart_utils.aggregator
reading sources... [ 73%] _generated_api/nirs4all.visualization.chart_utils.annotator
reading sources... [ 73%] _generated_api/nirs4all.visualization.chart_utils.matrix_builder
reading sources... [ 73%] _generated_api/nirs4all.visualization.chart_utils.normalizer
reading sources... [ 73%] _generated_api/nirs4all.visualization.chart_utils.predictions_adapter
reading sources... [ 74%] _generated_api/nirs4all.visualization.charts
reading sources... [ 74%] _generated_api/nirs4all.visualization.charts.base
reading sources... [ 74%] _generated_api/nirs4all.visualization.charts.candlestick
reading sources... [ 74%] _generated_api/nirs4all.visualization.charts.config
reading sources... [ 74%] _generated_api/nirs4all.visualization.charts.confusion_matrix
reading sources... [ 74%] _generated_api/nirs4all.visualization.charts.heatmap
reading sources... [ 74%] _generated_api/nirs4all.visualization.charts.histogram
reading sources... [ 74%] _generated_api/nirs4all.visualization.charts.top_k_comparison
reading sources... [ 75%] _generated_api/nirs4all.visualization.display
reading sources... [ 75%] _generated_api/nirs4all.visualization.naming
reading sources... [ 75%] _generated_api/nirs4all.visualization.pipeline_diagram
reading sources... [ 75%] _generated_api/nirs4all.visualization.prediction_cache
reading sources... [ 75%] _generated_api/nirs4all.visualization.predictions
reading sources... [ 75%] _generated_api/nirs4all.visualization.reports
reading sources... [ 75%] _generated_api/nirs4all.workspace
reading sources... [ 76%] _generated_api/nirs4all.workspace.compat
reading sources... [ 76%] _generated_api/nirs4all.workspace.upgrade
reading sources... [ 76%] ai_onboarding
reading sources... [ 76%] api/module_api
reading sources... [ 76%] api/modules
reading sources... [ 76%] api/sklearn_integration
reading sources... [ 76%] concepts/augmentation
reading sources... [ 77%] concepts/branching_and_merging
reading sources... [ 77%] concepts/cross_validation
reading sources... [ 77%] concepts/data_workflow
reading sources... [ 77%] concepts/datasets
reading sources... [ 77%] concepts/generators
reading sources... [ 77%] concepts/index
reading sources... [ 77%] concepts/mental_models
reading sources... [ 78%] concepts/pipeline_workflow
reading sources... [ 78%] concepts/pipelines
reading sources... [ 78%] concepts/predictions_and_deployment
reading sources... [ 78%] concepts/workspace_intro
reading sources... [ 78%] developer/architecture
reading sources... [ 78%] developer/artifacts
reading sources... [ 78%] developer/artifacts_internals
reading sources... [ 79%] developer/caching
reading sources... [ 79%] developer/controllers
reading sources... [ 79%] developer/controllers_intro
reading sources... [ 79%] developer/documentation_style
reading sources... [ 79%] developer/index
reading sources... [ 79%] developer/metadata
reading sources... [ 79%] developer/native_source_stacking_preprocessing
reading sources... [ 79%] developer/outputs_vs_artifacts
reading sources... [ 80%] developer/pipeline_architecture
reading sources... [ 80%] developer/r2_native_recovery_audit
reading sources... [ 80%] developer/synthetic
reading sources... [ 80%] developer/testing
reading sources... [ 80%] examples/developer
reading sources... [ 80%] examples/index
reading sources... [ 80%] examples/user/cross_validation
reading sources... [ 81%] examples/user/data_handling
reading sources... [ 81%] examples/user/deployment
reading sources... [ 81%] examples/user/explainability
reading sources... [ 81%] examples/user/getting_started
reading sources... [ 81%] examples/user/models
reading sources... [ 81%] examples/user/preprocessing
reading sources... [ 81%] getting_started/hello_world
reading sources... [ 82%] getting_started/index
reading sources... [ 82%] getting_started/installation
reading sources... [ 82%] getting_started/quickstart
reading sources... [ 82%] getting_started/tutorial
reading sources... [ 82%] guide/catalog
reading sources... [ 82%] guide/contributing
reading sources... [ 82%] guide/datasets
reading sources... [ 83%] guide/deployment
reading sources... [ 83%] guide/evaluation
reading sources... [ 83%] guide/index
reading sources... [ 83%] guide/interfaces
reading sources... [ 83%] guide/interop
reading sources... [ 83%] guide/languages
reading sources... [ 83%] guide/pipelines
reading sources... [ 84%] guide/principles
reading sources... [ 84%] guide/reference
reading sources... [ 84%] guide/results
reading sources... [ 84%] guide/start
reading sources... [ 84%] guide/tasks
reading sources... [ 84%] guide/tutorials
reading sources... [ 84%] index
reading sources... [ 85%] legacy/index
reading sources... [ 85%] migration/duckdb_to_sqlite
reading sources... [ 85%] migration/native_v1
reading sources... [ 85%] migration/storage_migration_webapp
reading sources... [ 85%] reference/api/session
reading sources... [ 85%] reference/augmentations
reading sources... [ 85%] reference/cli
reading sources... [ 85%] reference/combination_generator
reading sources... [ 86%] reference/configuration
reading sources... [ 86%] reference/configuration/cache_config
reading sources... [ 86%] reference/configuration/index
reading sources... [ 86%] reference/filters
reading sources... [ 86%] reference/generator_keywords
reading sources... [ 86%] reference/index
reading sources... [ 86%] reference/metrics
reading sources... [ 87%] reference/models
reading sources... [ 87%] reference/multimodal_execution_matrix
reading sources... [ 87%] reference/native_capability_preflight
reading sources... [ 87%] reference/native_conformal_finetuning_release_audit
reading sources... [ 87%] reference/nodes/auto_transfer_preproc
reading sources... [ 87%] reference/nodes/branch
reading sources... [ 87%] reference/nodes/charts
reading sources... [ 88%] reference/nodes/concat_transform
reading sources... [ 88%] reference/nodes/exclude
reading sources... [ 88%] reference/nodes/feature_augmentation
reading sources... [ 88%] reference/nodes/generators
reading sources... [ 88%] reference/nodes/index
reading sources... [ 88%] reference/nodes/merge
reading sources... [ 88%] reference/nodes/model
reading sources... [ 89%] reference/nodes/operator_step
reading sources... [ 89%] reference/nodes/preprocessing
reading sources... [ 89%] reference/nodes/repetitions
reading sources... [ 89%] reference/nodes/residual
reading sources... [ 89%] reference/nodes/sample_augmentation
reading sources... [ 89%] reference/nodes/split
reading sources... [ 89%] reference/nodes/tag
reading sources... [ 90%] reference/nodes/y_processing
reading sources... [ 90%] reference/operator_catalog
reading sources... [ 90%] reference/pipeline_keywords
reading sources... [ 90%] reference/pipeline_syntax
reading sources... [ 90%] reference/predictions_api
reading sources... [ 90%] reference/public_interfaces
reading sources... [ 90%] reference/splitters
reading sources... [ 91%] reference/storage
reading sources... [ 91%] reference/transforms
reading sources... [ 91%] reference/workspace
reading sources... [ 91%] user_guide/augmentation/augmentations
reading sources... [ 91%] user_guide/augmentation/index
reading sources... [ 91%] user_guide/augmentation/sample_augmentation_guide
reading sources... [ 91%] user_guide/augmentation/synthetic_nirs_generator
reading sources... [ 91%] user_guide/data/aggregation
reading sources... [ 92%] user_guide/data/heterogeneous_repetitions
reading sources... [ 92%] user_guide/data/heterogeneous_repetitions_tutorial
reading sources... [ 92%] user_guide/data/index
reading sources... [ 92%] user_guide/data/loading_data
reading sources... [ 92%] user_guide/data/methods_multimodal_u07
reading sources... [ 92%] user_guide/data/multimodal
reading sources... [ 92%] user_guide/data/multimodal_late_partial
reading sources... [ 93%] user_guide/data/octave_multimodal
reading sources... [ 93%] user_guide/data/sample_filtering
reading sources... [ 93%] user_guide/data/signal_types
reading sources... [ 93%] user_guide/data/synthetic_data
reading sources... [ 93%] user_guide/deployment/export_bundles
reading sources... [ 93%] user_guide/deployment/index
reading sources... [ 93%] user_guide/deployment/prediction_model_reuse
reading sources... [ 94%] user_guide/deployment/retrain_transfer
reading sources... [ 94%] user_guide/index
reading sources... [ 94%] user_guide/logging
reading sources... [ 94%] user_guide/models/aom_models
reading sources... [ 94%] user_guide/models/cv_weight_warm_start
reading sources... [ 94%] user_guide/models/deep_learning
reading sources... [ 94%] user_guide/models/hyperparameter_tuning
reading sources... [ 95%] user_guide/models/index
reading sources... [ 95%] user_guide/models/native_pls_fold_hpo
reading sources... [ 95%] user_guide/models/native_pls_phase_controls
reading sources... [ 95%] user_guide/models/native_tuning_conformal
reading sources... [ 95%] user_guide/models/structural_hpo
reading sources... [ 95%] user_guide/models/tabpfn_nirs
reading sources... [ 95%] user_guide/models/training
reading sources... [ 96%] user_guide/pipelines/branching
reading sources... [ 96%] user_guide/pipelines/cache_optimization
reading sources... [ 96%] user_guide/pipelines/generators
reading sources... [ 96%] user_guide/pipelines/index
reading sources... [ 96%] user_guide/pipelines/merging
reading sources... [ 96%] user_guide/pipelines/multi_source
reading sources... [ 96%] user_guide/pipelines/stacking
reading sources... [ 97%] user_guide/pipelines/writing_pipelines
reading sources... [ 97%] user_guide/predictions/advanced_predictions
reading sources... [ 97%] user_guide/predictions/analyzing_results
reading sources... [ 97%] user_guide/predictions/exporting_models
reading sources... [ 97%] user_guide/predictions/index
reading sources... [ 97%] user_guide/predictions/making_predictions
reading sources... [ 97%] user_guide/predictions/session_api
reading sources... [ 97%] user_guide/predictions/understanding_predictions
reading sources... [ 98%] user_guide/preprocessing/cheatsheet
reading sources... [ 98%] user_guide/preprocessing/handbook
reading sources... [ 98%] user_guide/preprocessing/index
reading sources... [ 98%] user_guide/preprocessing/overview
reading sources... [ 98%] user_guide/preprocessing/resampler
reading sources... [ 98%] user_guide/preprocessing/snv
reading sources... [ 98%] user_guide/preprocessing/transfer_preprocessing_selector_cheatsheet
reading sources... [ 99%] user_guide/python/index
reading sources... [ 99%] user_guide/scoring_and_refit
reading sources... [ 99%] user_guide/troubleshooting/dataset_troubleshooting
reading sources... [ 99%] user_guide/troubleshooting/faq
reading sources... [ 99%] user_guide/troubleshooting/index
reading sources... [ 99%] user_guide/troubleshooting/migration
reading sources... [ 99%] user_guide/visualization/in_pipeline_charts
reading sources... [100%] user_guide/visualization/index
reading sources... [100%] user_guide/visualization/pipeline_diagram
reading sources... [100%] user_guide/visualization/prediction_charts
reading sources... [100%] user_guide/visualization/shap

looking for now-outdated files... none found
pickling environment... done
checking consistency... done
preparing documents... done
copying assets... 
copying assets: done
writing output... [  0%] _generated_api/modules
writing output... [  0%] _generated_api/nirs4all
writing output... [  0%] _generated_api/nirs4all.analysis
writing output... [  1%] _generated_api/nirs4all.analysis.playground_dataset
writing output... [  1%] _generated_api/nirs4all.analysis.playground_distances
writing output... [  1%] _generated_api/nirs4all.analysis.playground_execution
writing output... [  1%] _generated_api/nirs4all.analysis.playground_facade
writing output... [  1%] _generated_api/nirs4all.analysis.playground_metrics
writing output... [  1%] _generated_api/nirs4all.analysis.playground_partition
writing output... [  1%] _generated_api/nirs4all.analysis.playground_prepare
writing output... [  2%] _generated_api/nirs4all.analysis.playground_projections
writing output... [  2%] _generated_api/nirs4all.analysis.playground_statistics
writing output... [  2%] _generated_api/nirs4all.analysis.playground_steps
writing output... [  2%] _generated_api/nirs4all.analysis.playground_types
writing output... [  2%] _generated_api/nirs4all.analysis.presets
writing output... [  2%] _generated_api/nirs4all.analysis.projections
writing output... [  2%] _generated_api/nirs4all.analysis.results
writing output... [  3%] _generated_api/nirs4all.analysis.selector
writing output... [  3%] _generated_api/nirs4all.analysis.transfer_metrics
writing output... [  3%] _generated_api/nirs4all.analysis.transfer_utils
writing output... [  3%] _generated_api/nirs4all.api
writing output... [  3%] _generated_api/nirs4all.api.advanced_capabilities
writing output... [  3%] _generated_api/nirs4all.api.calibrate
writing output... [  3%] _generated_api/nirs4all.api.dagml_training
writing output... [  3%] _generated_api/nirs4all.api.dataset_documents
writing output... [  4%] _generated_api/nirs4all.api.dataset_inspection
writing output... [  4%] _generated_api/nirs4all.api.explain
writing output... [  4%] _generated_api/nirs4all.api.general_explain
writing output... [  4%] _generated_api/nirs4all.api.general_retrain
writing output... [  4%] _generated_api/nirs4all.api.general_synthesis
writing output... [  4%] _generated_api/nirs4all.api.general_transfer
writing output... [  4%] _generated_api/nirs4all.api.generate
writing output... [  5%] _generated_api/nirs4all.api.inspector_json
writing output... [  5%] _generated_api/nirs4all.api.inspector_normalization
writing output... [  5%] _generated_api/nirs4all.api.inspector_views
writing output... [  5%] _generated_api/nirs4all.api.library_playground
writing output... [  5%] _generated_api/nirs4all.api.native_archive_training
writing output... [  5%] _generated_api/nirs4all.api.native_capabilities
writing output... [  5%] _generated_api/nirs4all.api.native_refit_result
writing output... [  6%] _generated_api/nirs4all.api.native_result
writing output... [  6%] _generated_api/nirs4all.api.native_retrain_lineage
writing output... [  6%] _generated_api/nirs4all.api.native_session
writing output... [  6%] _generated_api/nirs4all.api.native_training
writing output... [  6%] _generated_api/nirs4all.api.native_witness
writing output... [  6%] _generated_api/nirs4all.api.portable_archive
writing output... [  6%] _generated_api/nirs4all.api.predict
writing output... [  7%] _generated_api/nirs4all.api.public_results
writing output... [  7%] _generated_api/nirs4all.api.public_tuning
writing output... [  7%] _generated_api/nirs4all.api.result
writing output... [  7%] _generated_api/nirs4all.api.retrain
writing output... [  7%] _generated_api/nirs4all.api.retrain_capabilities
writing output... [  7%] _generated_api/nirs4all.api.robustness
writing output... [  7%] _generated_api/nirs4all.api.run
writing output... [  8%] _generated_api/nirs4all.api.run_selection
writing output... [  8%] _generated_api/nirs4all.api.session
writing output... [  8%] _generated_api/nirs4all.api.studio_lineage
writing output... [  8%] _generated_api/nirs4all.api.studio_scientific
writing output... [  8%] _generated_api/nirs4all.api.studio_scientific_general
writing output... [  8%] _generated_api/nirs4all.api.tuning
writing output... [  8%] _generated_api/nirs4all.api.workspace_chain_snapshot
writing output... [  9%] _generated_api/nirs4all.cli
writing output... [  9%] _generated_api/nirs4all.cli.commands
writing output... [  9%] _generated_api/nirs4all.cli.commands.artifacts
writing output... [  9%] _generated_api/nirs4all.cli.commands.config
writing output... [  9%] _generated_api/nirs4all.cli.commands.dataset
writing output... [  9%] _generated_api/nirs4all.cli.commands.keyword_registry
writing output... [  9%] _generated_api/nirs4all.cli.commands.results
writing output... [  9%] _generated_api/nirs4all.cli.commands.robustness_report
writing output... [ 10%] _generated_api/nirs4all.cli.commands.robustness_summary_schema
writing output... [ 10%] _generated_api/nirs4all.cli.commands.tuning
writing output... [ 10%] _generated_api/nirs4all.cli.commands.tuning_space
writing output... [ 10%] _generated_api/nirs4all.cli.commands.tuning_summary_schema
writing output... [ 10%] _generated_api/nirs4all.cli.commands.workflow
writing output... [ 10%] _generated_api/nirs4all.cli.commands.workspace
writing output... [ 10%] _generated_api/nirs4all.cli.installation_test
writing output... [ 11%] _generated_api/nirs4all.cli.main
writing output... [ 11%] _generated_api/nirs4all.config
writing output... [ 11%] _generated_api/nirs4all.config.cache_config
writing output... [ 11%] _generated_api/nirs4all.config.validator
writing output... [ 11%] _generated_api/nirs4all.controllers
writing output... [ 11%] _generated_api/nirs4all.controllers.base
writing output... [ 11%] _generated_api/nirs4all.controllers.charts
writing output... [ 12%] _generated_api/nirs4all.controllers.charts.augmentation
writing output... [ 12%] _generated_api/nirs4all.controllers.charts.exclusion
writing output... [ 12%] _generated_api/nirs4all.controllers.charts.folds
writing output... [ 12%] _generated_api/nirs4all.controllers.charts.spectra
writing output... [ 12%] _generated_api/nirs4all.controllers.charts.spectral_distribution
writing output... [ 12%] _generated_api/nirs4all.controllers.charts.targets
writing output... [ 12%] _generated_api/nirs4all.controllers.controller
writing output... [ 13%] _generated_api/nirs4all.controllers.data
writing output... [ 13%] _generated_api/nirs4all.controllers.data.auto_transfer_preproc
writing output... [ 13%] _generated_api/nirs4all.controllers.data.balancing
writing output... [ 13%] _generated_api/nirs4all.controllers.data.branch
writing output... [ 13%] _generated_api/nirs4all.controllers.data.branch_utils
writing output... [ 13%] _generated_api/nirs4all.controllers.data.concat_transform
writing output... [ 13%] _generated_api/nirs4all.controllers.data.exclude
writing output... [ 14%] _generated_api/nirs4all.controllers.data.feature_augmentation
writing output... [ 14%] _generated_api/nirs4all.controllers.data.feature_selection
writing output... [ 14%] _generated_api/nirs4all.controllers.data.merge
writing output... [ 14%] _generated_api/nirs4all.controllers.data.rep_fusion
writing output... [ 14%] _generated_api/nirs4all.controllers.data.repetition
writing output... [ 14%] _generated_api/nirs4all.controllers.data.resampler
writing output... [ 14%] _generated_api/nirs4all.controllers.data.sample_augmentation
writing output... [ 15%] _generated_api/nirs4all.controllers.data.tag
writing output... [ 15%] _generated_api/nirs4all.controllers.flow
writing output... [ 15%] _generated_api/nirs4all.controllers.flow.dummy
writing output... [ 15%] _generated_api/nirs4all.controllers.models
writing output... [ 15%] _generated_api/nirs4all.controllers.models.autogluon_model
writing output... [ 15%] _generated_api/nirs4all.controllers.models.base_model
writing output... [ 15%] _generated_api/nirs4all.controllers.models.components
writing output... [ 15%] _generated_api/nirs4all.controllers.models.components.identifier_generator
writing output... [ 16%] _generated_api/nirs4all.controllers.models.components.index_normalizer
writing output... [ 16%] _generated_api/nirs4all.controllers.models.components.prediction_assembler
writing output... [ 16%] _generated_api/nirs4all.controllers.models.components.prediction_transformer
writing output... [ 16%] _generated_api/nirs4all.controllers.models.components.score_calculator
writing output... [ 16%] _generated_api/nirs4all.controllers.models.factory
writing output... [ 16%] _generated_api/nirs4all.controllers.models.jax_model
writing output... [ 16%] _generated_api/nirs4all.controllers.models.jax_wrapper
writing output... [ 17%] _generated_api/nirs4all.controllers.models.meta_model
writing output... [ 17%] _generated_api/nirs4all.controllers.models.pipeline_cv
writing output... [ 17%] _generated_api/nirs4all.controllers.models.residual_model
writing output... [ 17%] _generated_api/nirs4all.controllers.models.sklearn_model
writing output... [ 17%] _generated_api/nirs4all.controllers.models.stacking
writing output... [ 17%] _generated_api/nirs4all.controllers.models.stacking.branch_validator
writing output... [ 17%] _generated_api/nirs4all.controllers.models.stacking.classification
writing output... [ 18%] _generated_api/nirs4all.controllers.models.stacking.config
writing output... [ 18%] _generated_api/nirs4all.controllers.models.stacking.crossbranch
writing output... [ 18%] _generated_api/nirs4all.controllers.models.stacking.exceptions
writing output... [ 18%] _generated_api/nirs4all.controllers.models.stacking.multilevel
writing output... [ 18%] _generated_api/nirs4all.controllers.models.stacking.reconstructor
writing output... [ 18%] _generated_api/nirs4all.controllers.models.stacking.serialization
writing output... [ 18%] _generated_api/nirs4all.controllers.models.tensorflow
writing output... [ 19%] _generated_api/nirs4all.controllers.models.tensorflow.config
writing output... [ 19%] _generated_api/nirs4all.controllers.models.tensorflow.data_prep
writing output... [ 19%] _generated_api/nirs4all.controllers.models.tensorflow_model
writing output... [ 19%] _generated_api/nirs4all.controllers.models.torch_model
writing output... [ 19%] _generated_api/nirs4all.controllers.models.utilities
writing output... [ 19%] _generated_api/nirs4all.controllers.presets
writing output... [ 19%] _generated_api/nirs4all.controllers.registry
writing output... [ 20%] _generated_api/nirs4all.controllers.shared
writing output... [ 20%] _generated_api/nirs4all.controllers.shared.model_selector
writing output... [ 20%] _generated_api/nirs4all.controllers.shared.prediction_aggregator
writing output... [ 20%] _generated_api/nirs4all.controllers.splitters
writing output... [ 20%] _generated_api/nirs4all.controllers.splitters.fold_file_loader
writing output... [ 20%] _generated_api/nirs4all.controllers.splitters.split
writing output... [ 20%] _generated_api/nirs4all.controllers.transforms
writing output... [ 21%] _generated_api/nirs4all.controllers.transforms.cluster
writing output... [ 21%] _generated_api/nirs4all.controllers.transforms.transformer
writing output... [ 21%] _generated_api/nirs4all.controllers.transforms.y_transformer
writing output... [ 21%] _generated_api/nirs4all.core
writing output... [ 21%] _generated_api/nirs4all.core.config
writing output... [ 21%] _generated_api/nirs4all.core.exceptions
writing output... [ 21%] _generated_api/nirs4all.core.logging
writing output... [ 21%] _generated_api/nirs4all.core.logging.config
writing output... [ 22%] _generated_api/nirs4all.core.logging.context
writing output... [ 22%] _generated_api/nirs4all.core.logging.events
writing output... [ 22%] _generated_api/nirs4all.core.logging.formatters
writing output... [ 22%] _generated_api/nirs4all.core.logging.handlers
writing output... [ 22%] _generated_api/nirs4all.core.logging.progress
writing output... [ 22%] _generated_api/nirs4all.core.metrics
writing output... [ 22%] _generated_api/nirs4all.core.task_detection
writing output... [ 23%] _generated_api/nirs4all.core.task_type
writing output... [ 23%] _generated_api/nirs4all.data
writing output... [ 23%] _generated_api/nirs4all.data.binning
writing output... [ 23%] _generated_api/nirs4all.data.config
writing output... [ 23%] _generated_api/nirs4all.data.config_parser
writing output... [ 23%] _generated_api/nirs4all.data.dataset
writing output... [ 23%] _generated_api/nirs4all.data.detection
writing output... [ 24%] _generated_api/nirs4all.data.detection.detector
writing output... [ 24%] _generated_api/nirs4all.data.ensemble_utils
writing output... [ 24%] _generated_api/nirs4all.data.features
writing output... [ 24%] _generated_api/nirs4all.data.fit_influence
writing output... [ 24%] _generated_api/nirs4all.data.indexer
writing output... [ 24%] _generated_api/nirs4all.data.loaders
writing output... [ 24%] _generated_api/nirs4all.data.loaders.archive_loader
writing output... [ 25%] _generated_api/nirs4all.data.loaders.base
writing output... [ 25%] _generated_api/nirs4all.data.loaders.csv_loader_new
writing output... [ 25%] _generated_api/nirs4all.data.loaders.excel_loader
writing output... [ 25%] _generated_api/nirs4all.data.loaders.loader
writing output... [ 25%] _generated_api/nirs4all.data.loaders.matlab_loader
writing output... [ 25%] _generated_api/nirs4all.data.loaders.numpy_loader
writing output... [ 25%] _generated_api/nirs4all.data.loaders.parquet_loader
writing output... [ 26%] _generated_api/nirs4all.data.meta_features
writing output... [ 26%] _generated_api/nirs4all.data.metadata
writing output... [ 26%] _generated_api/nirs4all.data.multimodal
writing output... [ 26%] _generated_api/nirs4all.data.parsers
writing output... [ 26%] _generated_api/nirs4all.data.parsers.base
writing output... [ 26%] _generated_api/nirs4all.data.parsers.files_parser
writing output... [ 26%] _generated_api/nirs4all.data.parsers.folder_parser
writing output... [ 26%] _generated_api/nirs4all.data.parsers.normalizer
writing output... [ 27%] _generated_api/nirs4all.data.performance
writing output... [ 27%] _generated_api/nirs4all.data.performance.cache
writing output... [ 27%] _generated_api/nirs4all.data.predictions
writing output... [ 27%] _generated_api/nirs4all.data.raw_multisource
writing output... [ 27%] _generated_api/nirs4all.data.reduction
writing output... [ 27%] _generated_api/nirs4all.data.relation_replay_manifest
writing output... [ 27%] _generated_api/nirs4all.data.relations
writing output... [ 28%] _generated_api/nirs4all.data.repetition_detection
writing output... [ 28%] _generated_api/nirs4all.data.schema
writing output... [ 28%] _generated_api/nirs4all.data.schema.config
writing output... [ 28%] _generated_api/nirs4all.data.schema.validation
writing output... [ 28%] _generated_api/nirs4all.data.schema.validation.error_codes
writing output... [ 28%] _generated_api/nirs4all.data.schema.validation.validators
writing output... [ 28%] _generated_api/nirs4all.data.selection
writing output... [ 29%] _generated_api/nirs4all.data.selection.sampling
writing output... [ 29%] _generated_api/nirs4all.data.serialization
writing output... [ 29%] _generated_api/nirs4all.data.serialization.serializer
writing output... [ 29%] _generated_api/nirs4all.data.signal_type
writing output... [ 29%] _generated_api/nirs4all.data.targets
writing output... [ 29%] _generated_api/nirs4all.data.types
writing output... [ 29%] _generated_api/nirs4all.operators
writing output... [ 30%] _generated_api/nirs4all.operators.augmentation
writing output... [ 30%] _generated_api/nirs4all.operators.augmentation.edge_artifacts
writing output... [ 30%] _generated_api/nirs4all.operators.augmentation.environmental
writing output... [ 30%] _generated_api/nirs4all.operators.augmentation.native
writing output... [ 30%] _generated_api/nirs4all.operators.augmentation.random
writing output... [ 30%] _generated_api/nirs4all.operators.augmentation.scattering
writing output... [ 30%] _generated_api/nirs4all.operators.augmentation.spectral
writing output... [ 31%] _generated_api/nirs4all.operators.augmentation.splines
writing output... [ 31%] _generated_api/nirs4all.operators.augmentation.synthesis
writing output... [ 31%] _generated_api/nirs4all.operators.base
writing output... [ 31%] _generated_api/nirs4all.operators.base.spectra_mixin
writing output... [ 31%] _generated_api/nirs4all.operators.data
writing output... [ 31%] _generated_api/nirs4all.operators.data.merge
writing output... [ 31%] _generated_api/nirs4all.operators.data.rep_fusion
writing output... [ 32%] _generated_api/nirs4all.operators.data.repetition
writing output... [ 32%] _generated_api/nirs4all.operators.filters
writing output... [ 32%] _generated_api/nirs4all.operators.filters.base
writing output... [ 32%] _generated_api/nirs4all.operators.filters.high_leverage
writing output... [ 32%] _generated_api/nirs4all.operators.filters.metadata
writing output... [ 32%] _generated_api/nirs4all.operators.filters.native
writing output... [ 32%] _generated_api/nirs4all.operators.filters.report
writing output... [ 32%] _generated_api/nirs4all.operators.filters.spectral_quality
writing output... [ 33%] _generated_api/nirs4all.operators.filters.x_outlier
writing output... [ 33%] _generated_api/nirs4all.operators.filters.y_outlier
writing output... [ 33%] _generated_api/nirs4all.operators.methods
writing output... [ 33%] _generated_api/nirs4all.operators.methods.n4m_ops
writing output... [ 33%] _generated_api/nirs4all.operators.models
writing output... [ 33%] _generated_api/nirs4all.operators.models.base
writing output... [ 33%] _generated_api/nirs4all.operators.models.jax
writing output... [ 34%] _generated_api/nirs4all.operators.models.jax.generic
writing output... [ 34%] _generated_api/nirs4all.operators.models.jax.nicon
writing output... [ 34%] _generated_api/nirs4all.operators.models.meta
writing output... [ 34%] _generated_api/nirs4all.operators.models.multimodal
writing output... [ 34%] _generated_api/nirs4all.operators.models.pytorch
writing output... [ 34%] _generated_api/nirs4all.operators.models.pytorch.mlp
writing output... [ 34%] _generated_api/nirs4all.operators.models.pytorch.nicon
writing output... [ 35%] _generated_api/nirs4all.operators.models.pytorch.spectral_transformer
writing output... [ 35%] _generated_api/nirs4all.operators.models.residual
writing output... [ 35%] _generated_api/nirs4all.operators.models.selection
writing output... [ 35%] _generated_api/nirs4all.operators.models.sklearn
writing output... [ 35%] _generated_api/nirs4all.operators.models.sklearn.aom_fast
writing output... [ 35%] _generated_api/nirs4all.operators.models.sklearn.aom_pls
writing output... [ 35%] _generated_api/nirs4all.operators.models.sklearn.aom_pls_aomlib
writing output... [ 36%] _generated_api/nirs4all.operators.models.sklearn.aom_pls_classifier
writing output... [ 36%] _generated_api/nirs4all.operators.models.sklearn.aom_ridge
writing output... [ 36%] _generated_api/nirs4all.operators.models.sklearn.dipls
writing output... [ 36%] _generated_api/nirs4all.operators.models.sklearn.fckpls
writing output... [ 36%] _generated_api/nirs4all.operators.models.sklearn.ikpls
writing output... [ 36%] _generated_api/nirs4all.operators.models.sklearn.ipls
writing output... [ 36%] _generated_api/nirs4all.operators.models.sklearn.kopls
writing output... [ 37%] _generated_api/nirs4all.operators.models.sklearn.lwpls
writing output... [ 37%] _generated_api/nirs4all.operators.models.sklearn.mbpls
writing output... [ 37%] _generated_api/nirs4all.operators.models.sklearn.nlpls
writing output... [ 37%] _generated_api/nirs4all.operators.models.sklearn.oklmpls
writing output... [ 37%] _generated_api/nirs4all.operators.models.sklearn.opls
writing output... [ 37%] _generated_api/nirs4all.operators.models.sklearn.oplsda
writing output... [ 37%] _generated_api/nirs4all.operators.models.sklearn.pcr
writing output... [ 38%] _generated_api/nirs4all.operators.models.sklearn.plsda
writing output... [ 38%] _generated_api/nirs4all.operators.models.sklearn.pop_pls
writing output... [ 38%] _generated_api/nirs4all.operators.models.sklearn.pop_pls_classifier
writing output... [ 38%] _generated_api/nirs4all.operators.models.sklearn.recursive_pls
writing output... [ 38%] _generated_api/nirs4all.operators.models.sklearn.robust_pls
writing output... [ 38%] _generated_api/nirs4all.operators.models.sklearn.simpls
writing output... [ 38%] _generated_api/nirs4all.operators.models.sklearn.sparsepls
writing output... [ 38%] _generated_api/nirs4all.operators.models.sklearn.tabpfn_nirs
writing output... [ 39%] _generated_api/nirs4all.operators.models.tensorflow
writing output... [ 39%] _generated_api/nirs4all.operators.models.tensorflow.generic
writing output... [ 39%] _generated_api/nirs4all.operators.models.tensorflow.legacy
writing output... [ 39%] _generated_api/nirs4all.operators.models.tensorflow.legacy.inception_1d_cnn
writing output... [ 39%] _generated_api/nirs4all.operators.models.tensorflow.legacy.resnet_v2_1d_cnn
writing output... [ 39%] _generated_api/nirs4all.operators.models.tensorflow.legacy.se_resnet_1d_cnn
writing output... [ 39%] _generated_api/nirs4all.operators.models.tensorflow.legacy.vgg_1d_cnn
writing output... [ 40%] _generated_api/nirs4all.operators.models.tensorflow.nicon
writing output... [ 40%] _generated_api/nirs4all.operators.splitters
writing output... [ 40%] _generated_api/nirs4all.operators.splitters.grouped_wrapper
writing output... [ 40%] _generated_api/nirs4all.operators.splitters.splitters
writing output... [ 40%] _generated_api/nirs4all.operators.transforms
writing output... [ 40%] _generated_api/nirs4all.operators.transforms.concat
writing output... [ 40%] _generated_api/nirs4all.operators.transforms.fck_static
writing output... [ 41%] _generated_api/nirs4all.operators.transforms.feature_selection
writing output... [ 41%] _generated_api/nirs4all.operators.transforms.features
writing output... [ 41%] _generated_api/nirs4all.operators.transforms.nirs
writing output... [ 41%] _generated_api/nirs4all.operators.transforms.norris_williams
writing output... [ 41%] _generated_api/nirs4all.operators.transforms.orthogonalization
writing output... [ 41%] _generated_api/nirs4all.operators.transforms.presets
writing output... [ 41%] _generated_api/nirs4all.operators.transforms.resampler
writing output... [ 42%] _generated_api/nirs4all.operators.transforms.scalers
writing output... [ 42%] _generated_api/nirs4all.operators.transforms.sequence
writing output... [ 42%] _generated_api/nirs4all.operators.transforms.signal
writing output... [ 42%] _generated_api/nirs4all.operators.transforms.signal_conversion
writing output... [ 42%] _generated_api/nirs4all.operators.transforms.targets
writing output... [ 42%] _generated_api/nirs4all.operators.transforms.wavelet_denoise
writing output... [ 42%] _generated_api/nirs4all.optimization
writing output... [ 43%] _generated_api/nirs4all.optimization.n4m_engine
writing output... [ 43%] _generated_api/nirs4all.optimization.optuna
writing output... [ 43%] _generated_api/nirs4all.optimization.preprocessing
writing output... [ 43%] _generated_api/nirs4all.pipeline
writing output... [ 43%] _generated_api/nirs4all.pipeline.analysis
writing output... [ 43%] _generated_api/nirs4all.pipeline.analysis.model_diagnostics
writing output... [ 43%] _generated_api/nirs4all.pipeline.analysis.shape_inference
writing output... [ 44%] _generated_api/nirs4all.pipeline.analysis.splitter_config
writing output... [ 44%] _generated_api/nirs4all.pipeline.analysis.topology
writing output... [ 44%] _generated_api/nirs4all.pipeline.bundle
writing output... [ 44%] _generated_api/nirs4all.pipeline.bundle.constants
writing output... [ 44%] _generated_api/nirs4all.pipeline.bundle.generator
writing output... [ 44%] _generated_api/nirs4all.pipeline.bundle.loader
writing output... [ 44%] _generated_api/nirs4all.pipeline.config
writing output... [ 44%] _generated_api/nirs4all.pipeline.config.component_serialization
writing output... [ 45%] _generated_api/nirs4all.pipeline.config.context
writing output... [ 45%] _generated_api/nirs4all.pipeline.config.generator
writing output... [ 45%] _generated_api/nirs4all.pipeline.config.pipeline_config
writing output... [ 45%] _generated_api/nirs4all.pipeline.config.portable_method_specs
writing output... [ 45%] _generated_api/nirs4all.pipeline.config.refit_params
writing output... [ 45%] _generated_api/nirs4all.pipeline.dagml
writing output... [ 45%] _generated_api/nirs4all.pipeline.dagml.attested_by_source
writing output... [ 46%] _generated_api/nirs4all.pipeline.dagml.auto_transfer
writing output... [ 46%] _generated_api/nirs4all.pipeline.dagml.autogluon_estimator
writing output... [ 46%] _generated_api/nirs4all.pipeline.dagml.cancellation
writing output... [ 46%] _generated_api/nirs4all.pipeline.dagml.chart_projection
writing output... [ 46%] _generated_api/nirs4all.pipeline.dagml.cli_runner
writing output... [ 46%] _generated_api/nirs4all.pipeline.dagml.conformal_contracts
writing output... [ 46%] _generated_api/nirs4all.pipeline.dagml.conformal_store
writing output... [ 47%] _generated_api/nirs4all.pipeline.dagml.core_archive_replay
writing output... [ 47%] _generated_api/nirs4all.pipeline.dagml.cv_weight_transfer
writing output... [ 47%] _generated_api/nirs4all.pipeline.dagml.data_provider
writing output... [ 47%] _generated_api/nirs4all.pipeline.dagml.dataset
writing output... [ 47%] _generated_api/nirs4all.pipeline.dagml.detect
writing output... [ 47%] _generated_api/nirs4all.pipeline.dagml.envelope
writing output... [ 47%] _generated_api/nirs4all.pipeline.dagml.errors
writing output... [ 48%] _generated_api/nirs4all.pipeline.dagml.estimator
writing output... [ 48%] _generated_api/nirs4all.pipeline.dagml.exclude
writing output... [ 48%] _generated_api/nirs4all.pipeline.dagml.experimental_units
writing output... [ 48%] _generated_api/nirs4all.pipeline.dagml.finetune_lowering
writing output... [ 48%] _generated_api/nirs4all.pipeline.dagml.fit_identity
writing output... [ 48%] _generated_api/nirs4all.pipeline.dagml.fixed_cohort_views
writing output... [ 48%] _generated_api/nirs4all.pipeline.dagml.folds
writing output... [ 49%] _generated_api/nirs4all.pipeline.dagml.framework_estimator
writing output... [ 49%] _generated_api/nirs4all.pipeline.dagml.full_train
writing output... [ 49%] _generated_api/nirs4all.pipeline.dagml.full_train_variants
writing output... [ 49%] _generated_api/nirs4all.pipeline.dagml.general_archive
writing output... [ 49%] _generated_api/nirs4all.pipeline.dagml.general_replay
writing output... [ 49%] _generated_api/nirs4all.pipeline.dagml.general_workspace
writing output... [ 49%] _generated_api/nirs4all.pipeline.dagml.generated_hpo_subprocess
writing output... [ 50%] _generated_api/nirs4all.pipeline.dagml.generated_hpo_worker
writing output... [ 50%] _generated_api/nirs4all.pipeline.dagml.generated_subprocess
writing output... [ 50%] _generated_api/nirs4all.pipeline.dagml.generated_views
writing output... [ 50%] _generated_api/nirs4all.pipeline.dagml.generated_worker
writing output... [ 50%] _generated_api/nirs4all.pipeline.dagml.host_artifacts
writing output... [ 50%] _generated_api/nirs4all.pipeline.dagml.host_finetune
writing output... [ 50%] _generated_api/nirs4all.pipeline.dagml.host_hpo_candidate
writing output... [ 50%] _generated_api/nirs4all.pipeline.dagml.host_hpo_candidate_worker
writing output... [ 51%] _generated_api/nirs4all.pipeline.dagml.host_search_checkpoint
writing output... [ 51%] _generated_api/nirs4all.pipeline.dagml.identity
writing output... [ 51%] _generated_api/nirs4all.pipeline.dagml.in_process_runner
writing output... [ 51%] _generated_api/nirs4all.pipeline.dagml.initial_refit_replay
writing output... [ 51%] _generated_api/nirs4all.pipeline.dagml.late_tuning
writing output... [ 51%] _generated_api/nirs4all.pipeline.dagml.methods_classification
writing output... [ 51%] _generated_api/nirs4all.pipeline.dagml.methods_lane
writing output... [ 52%] _generated_api/nirs4all.pipeline.dagml.methods_multimodal
writing output... [ 52%] _generated_api/nirs4all.pipeline.dagml.methods_replay
writing output... [ 52%] _generated_api/nirs4all.pipeline.dagml.methods_runtime
writing output... [ 52%] _generated_api/nirs4all.pipeline.dagml.multimodal_contracts
writing output... [ 52%] _generated_api/nirs4all.pipeline.dagml.multimodal_tuning
writing output... [ 52%] _generated_api/nirs4all.pipeline.dagml.na_policy
writing output... [ 52%] _generated_api/nirs4all.pipeline.dagml.named_stacking
writing output... [ 53%] _generated_api/nirs4all.pipeline.dagml.named_torch
writing output... [ 53%] _generated_api/nirs4all.pipeline.dagml.named_torch_estimator
writing output... [ 53%] _generated_api/nirs4all.pipeline.dagml.native_archive_replay
writing output... [ 53%] _generated_api/nirs4all.pipeline.dagml.native_client
writing output... [ 53%] _generated_api/nirs4all.pipeline.dagml.native_conformal_calibration
writing output... [ 53%] _generated_api/nirs4all.pipeline.dagml.native_pls_fold_hpo
writing output... [ 53%] _generated_api/nirs4all.pipeline.dagml.native_pls_phase_controls
writing output... [ 54%] _generated_api/nirs4all.pipeline.dagml.native_pls_phase_replay
writing output... [ 54%] _generated_api/nirs4all.pipeline.dagml.native_results
writing output... [ 54%] _generated_api/nirs4all.pipeline.dagml.native_vote
writing output... [ 54%] _generated_api/nirs4all.pipeline.dagml.node_runner
writing output... [ 54%] _generated_api/nirs4all.pipeline.dagml.operator_parameters
writing output... [ 54%] _generated_api/nirs4all.pipeline.dagml.operator_routing
writing output... [ 54%] _generated_api/nirs4all.pipeline.dagml.pipeline_objective
writing output... [ 55%] _generated_api/nirs4all.pipeline.dagml.pipeline_objective_compiler
writing output... [ 55%] _generated_api/nirs4all.pipeline.dagml.process_adapter
writing output... [ 55%] _generated_api/nirs4all.pipeline.dagml.public_batch
writing output... [ 55%] _generated_api/nirs4all.pipeline.dagml.public_normalization
writing output... [ 55%] _generated_api/nirs4all.pipeline.dagml.raw_replay_lowerer
writing output... [ 55%] _generated_api/nirs4all.pipeline.dagml.raw_training_lowerer
writing output... [ 55%] _generated_api/nirs4all.pipeline.dagml.residual_run
writing output... [ 56%] _generated_api/nirs4all.pipeline.dagml.resolver
writing output... [ 56%] _generated_api/nirs4all.pipeline.dagml.resources
writing output... [ 56%] _generated_api/nirs4all.pipeline.dagml.result
writing output... [ 56%] _generated_api/nirs4all.pipeline.dagml.rt
writing output... [ 56%] _generated_api/nirs4all.pipeline.dagml.run_backend
writing output... [ 56%] _generated_api/nirs4all.pipeline.dagml.run_paths
writing output... [ 56%] _generated_api/nirs4all.pipeline.dagml.sequential_models
writing output... [ 56%] _generated_api/nirs4all.pipeline.dagml.source_missing
writing output... [ 57%] _generated_api/nirs4all.pipeline.dagml.source_stacking
writing output... [ 57%] _generated_api/nirs4all.pipeline.dagml.steps
writing output... [ 57%] _generated_api/nirs4all.pipeline.dagml.structural_classification
writing output... [ 57%] _generated_api/nirs4all.pipeline.dagml.structural_multimodal
writing output... [ 57%] _generated_api/nirs4all.pipeline.dagml.structural_sources
writing output... [ 57%] _generated_api/nirs4all.pipeline.dagml.structural_topology
writing output... [ 57%] _generated_api/nirs4all.pipeline.dagml.structural_torch
writing output... [ 58%] _generated_api/nirs4all.pipeline.dagml.structural_tuning
writing output... [ 58%] _generated_api/nirs4all.pipeline.dagml.target_capture
writing output... [ 58%] _generated_api/nirs4all.pipeline.dagml.terminal_predict_lowerer
writing output... [ 58%] _generated_api/nirs4all.pipeline.dagml.torch_estimator
writing output... [ 58%] _generated_api/nirs4all.pipeline.dagml.torch_topology_replay
writing output... [ 58%] _generated_api/nirs4all.pipeline.dagml.training_compiler
writing output... [ 58%] _generated_api/nirs4all.pipeline.dagml.training_contracts
writing output... [ 59%] _generated_api/nirs4all.pipeline.dagml.training_controls
writing output... [ 59%] _generated_api/nirs4all.pipeline.dagml.tuning_adapters
writing output... [ 59%] _generated_api/nirs4all.pipeline.dagml.tuning_contracts
writing output... [ 59%] _generated_api/nirs4all.pipeline.dagml.tuning_projection
writing output... [ 59%] _generated_api/nirs4all.pipeline.dagml.typed_parallel
writing output... [ 59%] _generated_api/nirs4all.pipeline.dagml.worker_environment
writing output... [ 59%] _generated_api/nirs4all.pipeline.dagml.workspace_projection
writing output... [ 60%] _generated_api/nirs4all.pipeline.dagml_bridge
writing output... [ 60%] _generated_api/nirs4all.pipeline.engine
writing output... [ 60%] _generated_api/nirs4all.pipeline.execution
writing output... [ 60%] _generated_api/nirs4all.pipeline.execution.builder
writing output... [ 60%] _generated_api/nirs4all.pipeline.execution.executor
writing output... [ 60%] _generated_api/nirs4all.pipeline.execution.orchestrator
writing output... [ 60%] _generated_api/nirs4all.pipeline.execution.preprocessing
writing output... [ 61%] _generated_api/nirs4all.pipeline.execution.refit
writing output... [ 61%] _generated_api/nirs4all.pipeline.execution.refit.config_extractor
writing output... [ 61%] _generated_api/nirs4all.pipeline.execution.refit.executor
writing output... [ 61%] _generated_api/nirs4all.pipeline.execution.refit.model_selector
writing output... [ 61%] _generated_api/nirs4all.pipeline.execution.refit.stacking_refit
writing output... [ 61%] _generated_api/nirs4all.pipeline.execution.result
writing output... [ 61%] _generated_api/nirs4all.pipeline.execution.step_cache
writing output... [ 62%] _generated_api/nirs4all.pipeline.explain_lineage
writing output... [ 62%] _generated_api/nirs4all.pipeline.explainer
writing output... [ 62%] _generated_api/nirs4all.pipeline.keyword_registry
writing output... [ 62%] _generated_api/nirs4all.pipeline.minimal_predictor
writing output... [ 62%] _generated_api/nirs4all.pipeline.portable_n4m_roles
writing output... [ 62%] _generated_api/nirs4all.pipeline.portable_n4m_trained
writing output... [ 62%] _generated_api/nirs4all.pipeline.predictor
writing output... [ 62%] _generated_api/nirs4all.pipeline.resolver
writing output... [ 63%] _generated_api/nirs4all.pipeline.retrainer
writing output... [ 63%] _generated_api/nirs4all.pipeline.run
writing output... [ 63%] _generated_api/nirs4all.pipeline.runner
writing output... [ 63%] _generated_api/nirs4all.pipeline.steps
writing output... [ 63%] _generated_api/nirs4all.pipeline.steps.parser
writing output... [ 63%] _generated_api/nirs4all.pipeline.steps.router
writing output... [ 63%] _generated_api/nirs4all.pipeline.steps.step_runner
writing output... [ 64%] _generated_api/nirs4all.pipeline.storage
writing output... [ 64%] _generated_api/nirs4all.pipeline.storage.array_store
writing output... [ 64%] _generated_api/nirs4all.pipeline.storage.artifacts
writing output... [ 64%] _generated_api/nirs4all.pipeline.storage.artifacts.artifact_loader
writing output... [ 64%] _generated_api/nirs4all.pipeline.storage.artifacts.artifact_persistence
writing output... [ 64%] _generated_api/nirs4all.pipeline.storage.artifacts.artifact_registry
writing output... [ 64%] _generated_api/nirs4all.pipeline.storage.artifacts.operator_chain
writing output... [ 65%] _generated_api/nirs4all.pipeline.storage.artifacts.query_service
writing output... [ 65%] _generated_api/nirs4all.pipeline.storage.artifacts.types
writing output... [ 65%] _generated_api/nirs4all.pipeline.storage.artifacts.utils
writing output... [ 65%] _generated_api/nirs4all.pipeline.storage.chain_builder
writing output... [ 65%] _generated_api/nirs4all.pipeline.storage.chain_replay
writing output... [ 65%] _generated_api/nirs4all.pipeline.storage.library
writing output... [ 65%] _generated_api/nirs4all.pipeline.storage.model_catalogue
writing output... [ 66%] _generated_api/nirs4all.pipeline.storage.prediction_export
writing output... [ 66%] _generated_api/nirs4all.pipeline.storage.store_protocol
writing output... [ 66%] _generated_api/nirs4all.pipeline.storage.store_queries
writing output... [ 66%] _generated_api/nirs4all.pipeline.storage.store_schema
writing output... [ 66%] _generated_api/nirs4all.pipeline.storage.workspace_read_contract
writing output... [ 66%] _generated_api/nirs4all.pipeline.storage.workspace_store
writing output... [ 66%] _generated_api/nirs4all.pipeline.trace
writing output... [ 67%] _generated_api/nirs4all.pipeline.trace.execution_trace
writing output... [ 67%] _generated_api/nirs4all.pipeline.trace.extractor
writing output... [ 67%] _generated_api/nirs4all.pipeline.trace.recorder
writing output... [ 67%] _generated_api/nirs4all.runtime
writing output... [ 67%] _generated_api/nirs4all.sklearn
writing output... [ 67%] _generated_api/nirs4all.sklearn.classifier
writing output... [ 67%] _generated_api/nirs4all.sklearn.pipeline
writing output... [ 68%] _generated_api/nirs4all.synthesis
writing output... [ 68%] _generated_api/nirs4all.synthesis.accelerated
writing output... [ 68%] _generated_api/nirs4all.synthesis.benchmarks
writing output... [ 68%] _generated_api/nirs4all.synthesis.builder
writing output... [ 68%] _generated_api/nirs4all.synthesis.components
writing output... [ 68%] _generated_api/nirs4all.synthesis.config
writing output... [ 68%] _generated_api/nirs4all.synthesis.detectors
writing output... [ 68%] _generated_api/nirs4all.synthesis.domains
writing output... [ 69%] _generated_api/nirs4all.synthesis.environmental
writing output... [ 69%] _generated_api/nirs4all.synthesis.exporter
writing output... [ 69%] _generated_api/nirs4all.synthesis.fitter
writing output... [ 69%] _generated_api/nirs4all.synthesis.generator
writing output... [ 69%] _generated_api/nirs4all.synthesis.instruments
writing output... [ 69%] _generated_api/nirs4all.synthesis.measurement_modes
writing output... [ 69%] _generated_api/nirs4all.synthesis.metadata
writing output... [ 70%] _generated_api/nirs4all.synthesis.prior
writing output... [ 70%] _generated_api/nirs4all.synthesis.procedural
writing output... [ 70%] _generated_api/nirs4all.synthesis.products
writing output... [ 70%] _generated_api/nirs4all.synthesis.scattering
writing output... [ 70%] _generated_api/nirs4all.synthesis.sources
writing output... [ 70%] _generated_api/nirs4all.synthesis.targets
writing output... [ 70%] _generated_api/nirs4all.synthesis.validation
writing output... [ 71%] _generated_api/nirs4all.synthesis.wavenumber
writing output... [ 71%] _generated_api/nirs4all.utils
writing output... [ 71%] _generated_api/nirs4all.utils.backend
writing output... [ 71%] _generated_api/nirs4all.utils.hashing
writing output... [ 71%] _generated_api/nirs4all.utils.header_units
writing output... [ 71%] _generated_api/nirs4all.utils.lazy
writing output... [ 71%] _generated_api/nirs4all.utils.memory
writing output... [ 72%] _generated_api/nirs4all.utils.operator_formatting
writing output... [ 72%] _generated_api/nirs4all.utils.spinner
writing output... [ 72%] _generated_api/nirs4all.utils.transform_output
writing output... [ 72%] _generated_api/nirs4all.visualization
writing output... [ 72%] _generated_api/nirs4all.visualization.analysis
writing output... [ 72%] _generated_api/nirs4all.visualization.analysis.branch
writing output... [ 72%] _generated_api/nirs4all.visualization.analysis.shap
writing output... [ 73%] _generated_api/nirs4all.visualization.analysis.transfer
writing output... [ 73%] _generated_api/nirs4all.visualization.chart_utils
writing output... [ 73%] _generated_api/nirs4all.visualization.chart_utils.aggregator
writing output... [ 73%] _generated_api/nirs4all.visualization.chart_utils.annotator
writing output... [ 73%] _generated_api/nirs4all.visualization.chart_utils.matrix_builder
writing output... [ 73%] _generated_api/nirs4all.visualization.chart_utils.normalizer
writing output... [ 73%] _generated_api/nirs4all.visualization.chart_utils.predictions_adapter
writing output... [ 74%] _generated_api/nirs4all.visualization.charts
writing output... [ 74%] _generated_api/nirs4all.visualization.charts.base
writing output... [ 74%] _generated_api/nirs4all.visualization.charts.candlestick
writing output... [ 74%] _generated_api/nirs4all.visualization.charts.config
writing output... [ 74%] _generated_api/nirs4all.visualization.charts.confusion_matrix
writing output... [ 74%] _generated_api/nirs4all.visualization.charts.heatmap
writing output... [ 74%] _generated_api/nirs4all.visualization.charts.histogram
writing output... [ 74%] _generated_api/nirs4all.visualization.charts.top_k_comparison
writing output... [ 75%] _generated_api/nirs4all.visualization.display
writing output... [ 75%] _generated_api/nirs4all.visualization.naming
writing output... [ 75%] _generated_api/nirs4all.visualization.pipeline_diagram
writing output... [ 75%] _generated_api/nirs4all.visualization.prediction_cache
writing output... [ 75%] _generated_api/nirs4all.visualization.predictions
writing output... [ 75%] _generated_api/nirs4all.visualization.reports
writing output... [ 75%] _generated_api/nirs4all.workspace
writing output... [ 76%] _generated_api/nirs4all.workspace.compat
writing output... [ 76%] _generated_api/nirs4all.workspace.upgrade
writing output... [ 76%] ai_onboarding
writing output... [ 76%] api/module_api
writing output... [ 76%] api/modules
writing output... [ 76%] api/sklearn_integration
writing output... [ 76%] concepts/augmentation
writing output... [ 77%] concepts/branching_and_merging
writing output... [ 77%] concepts/cross_validation
writing output... [ 77%] concepts/data_workflow
writing output... [ 77%] concepts/datasets
writing output... [ 77%] concepts/generators
writing output... [ 77%] concepts/index
writing output... [ 77%] concepts/mental_models
writing output... [ 78%] concepts/pipeline_workflow
writing output... [ 78%] concepts/pipelines
writing output... [ 78%] concepts/predictions_and_deployment
writing output... [ 78%] concepts/workspace_intro
writing output... [ 78%] developer/architecture
writing output... [ 78%] developer/artifacts
writing output... [ 78%] developer/artifacts_internals
writing output... [ 79%] developer/caching
writing output... [ 79%] developer/controllers
writing output... [ 79%] developer/controllers_intro
writing output... [ 79%] developer/documentation_style
writing output... [ 79%] developer/index
writing output... [ 79%] developer/metadata
writing output... [ 79%] developer/native_source_stacking_preprocessing
writing output... [ 79%] developer/outputs_vs_artifacts
writing output... [ 80%] developer/pipeline_architecture
writing output... [ 80%] developer/r2_native_recovery_audit
writing output... [ 80%] developer/synthetic
writing output... [ 80%] developer/testing
writing output... [ 80%] examples/developer
writing output... [ 80%] examples/index
writing output... [ 80%] examples/user/cross_validation
writing output... [ 81%] examples/user/data_handling
writing output... [ 81%] examples/user/deployment
writing output... [ 81%] examples/user/explainability
writing output... [ 81%] examples/user/getting_started
writing output... [ 81%] examples/user/models
writing output... [ 81%] examples/user/preprocessing
writing output... [ 81%] getting_started/hello_world
writing output... [ 82%] getting_started/index
writing output... [ 82%] getting_started/installation
writing output... [ 82%] getting_started/quickstart
writing output... [ 82%] getting_started/tutorial
writing output... [ 82%] guide/catalog
writing output... [ 82%] guide/contributing
writing output... [ 82%] guide/datasets
writing output... [ 83%] guide/deployment
writing output... [ 83%] guide/evaluation
writing output... [ 83%] guide/index
writing output... [ 83%] guide/interfaces
writing output... [ 83%] guide/interop
writing output... [ 83%] guide/languages
writing output... [ 83%] guide/pipelines
writing output... [ 84%] guide/principles
writing output... [ 84%] guide/reference
writing output... [ 84%] guide/results
writing output... [ 84%] guide/start
writing output... [ 84%] guide/tasks
writing output... [ 84%] guide/tutorials
writing output... [ 84%] index
writing output... [ 85%] legacy/index
writing output... [ 85%] migration/duckdb_to_sqlite
writing output... [ 85%] migration/native_v1
writing output... [ 85%] migration/storage_migration_webapp
writing output... [ 85%] reference/api/session
writing output... [ 85%] reference/augmentations
writing output... [ 85%] reference/cli
writing output... [ 85%] reference/combination_generator
writing output... [ 86%] reference/configuration
writing output... [ 86%] reference/configuration/cache_config
writing output... [ 86%] reference/configuration/index
writing output... [ 86%] reference/filters
writing output... [ 86%] reference/generator_keywords
writing output... [ 86%] reference/index
writing output... [ 86%] reference/metrics
writing output... [ 87%] reference/models
writing output... [ 87%] reference/multimodal_execution_matrix
writing output... [ 87%] reference/native_capability_preflight
writing output... [ 87%] reference/native_conformal_finetuning_release_audit
writing output... [ 87%] reference/nodes/auto_transfer_preproc
writing output... [ 87%] reference/nodes/branch
writing output... [ 87%] reference/nodes/charts
writing output... [ 88%] reference/nodes/concat_transform
writing output... [ 88%] reference/nodes/exclude
writing output... [ 88%] reference/nodes/feature_augmentation
writing output... [ 88%] reference/nodes/generators
writing output... [ 88%] reference/nodes/index
writing output... [ 88%] reference/nodes/merge
writing output... [ 88%] reference/nodes/model
writing output... [ 89%] reference/nodes/operator_step
writing output... [ 89%] reference/nodes/preprocessing
writing output... [ 89%] reference/nodes/repetitions
writing output... [ 89%] reference/nodes/residual
writing output... [ 89%] reference/nodes/sample_augmentation
writing output... [ 89%] reference/nodes/split
writing output... [ 89%] reference/nodes/tag
writing output... [ 90%] reference/nodes/y_processing
writing output... [ 90%] reference/operator_catalog
writing output... [ 90%] reference/pipeline_keywords
writing output... [ 90%] reference/pipeline_syntax
writing output... [ 90%] reference/predictions_api
writing output... [ 90%] reference/public_interfaces
writing output... [ 90%] reference/splitters
writing output... [ 91%] reference/storage
writing output... [ 91%] reference/transforms
writing output... [ 91%] reference/workspace
writing output... [ 91%] user_guide/augmentation/augmentations
writing output... [ 91%] user_guide/augmentation/index
writing output... [ 91%] user_guide/augmentation/sample_augmentation_guide
writing output... [ 91%] user_guide/augmentation/synthetic_nirs_generator
writing output... [ 91%] user_guide/data/aggregation
writing output... [ 92%] user_guide/data/heterogeneous_repetitions
writing output... [ 92%] user_guide/data/heterogeneous_repetitions_tutorial
writing output... [ 92%] user_guide/data/index
writing output... [ 92%] user_guide/data/loading_data
writing output... [ 92%] user_guide/data/methods_multimodal_u07
writing output... [ 92%] user_guide/data/multimodal
writing output... [ 92%] user_guide/data/multimodal_late_partial
writing output... [ 93%] user_guide/data/octave_multimodal
writing output... [ 93%] user_guide/data/sample_filtering
writing output... [ 93%] user_guide/data/signal_types
writing output... [ 93%] user_guide/data/synthetic_data
writing output... [ 93%] user_guide/deployment/export_bundles
writing output... [ 93%] user_guide/deployment/index
writing output... [ 93%] user_guide/deployment/prediction_model_reuse
writing output... [ 94%] user_guide/deployment/retrain_transfer
writing output... [ 94%] user_guide/index
writing output... [ 94%] user_guide/logging
writing output... [ 94%] user_guide/models/aom_models
writing output... [ 94%] user_guide/models/cv_weight_warm_start
writing output... [ 94%] user_guide/models/deep_learning
writing output... [ 94%] user_guide/models/hyperparameter_tuning
writing output... [ 95%] user_guide/models/index
writing output... [ 95%] user_guide/models/native_pls_fold_hpo
writing output... [ 95%] user_guide/models/native_pls_phase_controls
writing output... [ 95%] user_guide/models/native_tuning_conformal
writing output... [ 95%] user_guide/models/structural_hpo
writing output... [ 95%] user_guide/models/tabpfn_nirs
writing output... [ 95%] user_guide/models/training
writing output... [ 96%] user_guide/pipelines/branching
writing output... [ 96%] user_guide/pipelines/cache_optimization
writing output... [ 96%] user_guide/pipelines/generators
writing output... [ 96%] user_guide/pipelines/index
writing output... [ 96%] user_guide/pipelines/merging
writing output... [ 96%] user_guide/pipelines/multi_source
writing output... [ 96%] user_guide/pipelines/stacking
writing output... [ 97%] user_guide/pipelines/writing_pipelines
writing output... [ 97%] user_guide/predictions/advanced_predictions
writing output... [ 97%] user_guide/predictions/analyzing_results
writing output... [ 97%] user_guide/predictions/exporting_models
writing output... [ 97%] user_guide/predictions/index
writing output... [ 97%] user_guide/predictions/making_predictions
writing output... [ 97%] user_guide/predictions/session_api
writing output... [ 97%] user_guide/predictions/understanding_predictions
writing output... [ 98%] user_guide/preprocessing/cheatsheet
writing output... [ 98%] user_guide/preprocessing/handbook
writing output... [ 98%] user_guide/preprocessing/index
writing output... [ 98%] user_guide/preprocessing/overview
writing output... [ 98%] user_guide/preprocessing/resampler
writing output... [ 98%] user_guide/preprocessing/snv
writing output... [ 98%] user_guide/preprocessing/transfer_preprocessing_selector_cheatsheet
writing output... [ 99%] user_guide/python/index
writing output... [ 99%] user_guide/scoring_and_refit
writing output... [ 99%] user_guide/troubleshooting/dataset_troubleshooting
writing output... [ 99%] user_guide/troubleshooting/faq
writing output... [ 99%] user_guide/troubleshooting/index
writing output... [ 99%] user_guide/troubleshooting/migration
writing output... [ 99%] user_guide/visualization/in_pipeline_charts
writing output... [100%] user_guide/visualization/index
writing output... [100%] user_guide/visualization/pipeline_diagram
writing output... [100%] user_guide/visualization/prediction_charts
writing output... [100%] user_guide/visualization/shap


(_generated_api/nirs4all.operators.models.sklearn.kopls: line    7) -ignored- https://github.com/sib-swiss/ConsensusOPLS
(_generated_api/nirs4all.operators.models.sklearn.lwpls: line    3) -ignored- https://github.com/hkaneko1985/lwpls
(  api/module_api: line  972) -ignored- https://github.com/gbeurier/nirs4all/tree/main/examples
(api/sklearn_integration: line  421) -ignored- https://github.com/GBeurier/nirs4all/blob/main/examples/user/06_deployment/U04_sklearn_integration.py
(api/sklearn_integration: line  422) -ignored- https://github.com/GBeurier/nirs4all/blob/main/examples/user/07_explainability/U02_shap_sklearn.py
(concepts/data_workflow: line  408) -ignored- https://github.com/GBeurier/nirs4all/blob/298dfc572917ef8626f478e35cd7478c3378b317/examples/user/02_data_handling/U01_flexible_inputs.py
(concepts/data_workflow: line  409) -ignored- https://github.com/GBeurier/nirs4all/blob/298dfc572917ef8626f478e35cd7478c3378b317/examples/user/02_data_handling/U03_multi_source.py
(concepts/data_workflow: line  410) -ignored- https://github.com/GBeurier/nirs4all/blob/298dfc572917ef8626f478e35cd7478c3378b317/examples/user/05_cross_validation/U04_aggregation.py
(concepts/data_workflow: line  411) -ignored- https://github.com/GBeurier/nirs4all/blob/298dfc572917ef8626f478e35cd7478c3378b317/examples/user/03_preprocessing/U04_signal_conversion.py
(concepts/mental_models: line  270) -ignored- https://github.com/GBeurier/nirs4all/blob/main/examples/user/01_getting_started/U01_hello_world.py
(concepts/mental_models: line  271) -ignored- https://github.com/GBeurier/nirs4all/blob/main/examples/user/01_getting_started/U02_basic_regression.py
(concepts/mental_models: line  272) -ignored- https://github.com/GBeurier/nirs4all/blob/main/examples/developer/06_internals/D01_session_workflow.py
(concepts/pipeline_workflow: line  442) -ignored- https://github.com/GBeurier/nirs4all/blob/298dfc572917ef8626f478e35cd7478c3378b317/examples/user/04_models/U01_multi_model.py
(concepts/pipeline_workflow: line  443) -ignored- https://github.com/GBeurier/nirs4all/blob/298dfc572917ef8626f478e35cd7478c3378b317/examples/developer/02_generators/D01_generator_syntax.py
(concepts/pipeline_workflow: line  444) -ignored- https://github.com/GBeurier/nirs4all/blob/298dfc572917ef8626f478e35cd7478c3378b317/examples/developer/02_generators/D02_generator_advanced.py
(concepts/pipeline_workflow: line  445) -ignored- https://github.com/GBeurier/nirs4all/blob/298dfc572917ef8626f478e35cd7478c3378b317/examples/developer/01_advanced_pipelines/D01_branching_basics.py
(concepts/workspace_intro: line  407) -ignored- https://github.com/GBeurier/nirs4all/blob/298dfc572917ef8626f478e35cd7478c3378b317/examples/user/06_deployment/U03_workspace_management.py
(concepts/workspace_intro: line  408) -ignored- https://github.com/GBeurier/nirs4all/blob/298dfc572917ef8626f478e35cd7478c3378b317/examples/developer/06_internals/D01_session_workflow.py
(concepts/workspace_intro: line  409) -ignored- https://github.com/GBeurier/nirs4all/blob/298dfc572917ef8626f478e35cd7478c3378b317/examples/user/06_deployment/U02_export_bundle.py
(developer/controllers_intro: line  425) -ignored- https://github.com/GBeurier/nirs4all/blob/298dfc572917ef8626f478e35cd7478c3378b317/examples/developer/06_internals/D02_custom_controllers.py
( developer/index: line  176) -ignored- https://github.com/GBeurier/nirs4all
(examples/developer: line   34) -ignored- https://github.com/GBeurier/nirs4all/blob/main/examples/developer/01_advanced_pipelines/D01_branching_basics.py
(examples/developer: line   75) -ignored- https://github.com/GBeurier/nirs4all/blob/main/examples/developer/01_advanced_pipelines/D02_branching_advanced.py
(examples/developer: line   95) -ignored- https://github.com/GBeurier/nirs4all/blob/main/examples/developer/01_advanced_pipelines/D03_merge_basics.py
(examples/developer: line  120) -ignored- https://github.com/GBeurier/nirs4all/blob/main/examples/developer/01_advanced_pipelines/D04_merge_sources.py
(examples/developer: line  142) -ignored- https://github.com/GBeurier/nirs4all/blob/main/examples/developer/01_advanced_pipelines/D05_meta_stacking.py
(examples/developer: line  154) -ignored- https://github.com/GBeurier/nirs4all/blob/main/examples/developer/02_generators/D01_generator_syntax.py
(examples/developer: line  186) -ignored- https://github.com/GBeurier/nirs4all/blob/main/examples/developer/02_generators/D02_generator_advanced.py
(examples/developer: line  192) -ignored- https://github.com/GBeurier/nirs4all/blob/main/examples/developer/02_generators/D03_generator_iterators.py
(examples/developer: line  198) -ignored- https://github.com/GBeurier/nirs4all/blob/main/examples/developer/02_generators/D04_nested_generators.py
(examples/developer: line  210) -ignored- https://github.com/GBeurier/nirs4all/blob/main/examples/developer/02_generators/D05_synthetic_custom_components.py
(examples/developer: line  218) -ignored- https://github.com/GBeurier/nirs4all/blob/main/examples/developer/02_generators/D06_synthetic_testing.py
(examples/developer: line  226) -ignored- https://github.com/GBeurier/nirs4all/blob/main/examples/developer/02_generators/D07_synthetic_wavenumber_procedural.py
(examples/developer: line  234) -ignored- https://github.com/GBeurier/nirs4all/blob/main/examples/developer/02_generators/D08_synthetic_application_domains.py
(examples/developer: line  242) -ignored- https://github.com/GBeurier/nirs4all/blob/main/examples/developer/02_generators/D09_synthetic_instruments.py
(examples/developer: line  263) -ignored- https://github.com/GBeurier/nirs4all/blob/main/examples/developer/03_deep_learning/D01_pytorch_models.py
(examples/developer: line  315) -ignored- https://github.com/GBeurier/nirs4all/blob/main/examples/developer/03_deep_learning/D02_jax_models.py
(examples/developer: line  321) -ignored- https://github.com/GBeurier/nirs4all/blob/main/examples/developer/03_deep_learning/D03_tensorflow_models.py
(examples/developer: line  327) -ignored- https://github.com/GBeurier/nirs4all/blob/main/examples/developer/03_deep_learning/D04_framework_comparison.py
(examples/developer: line  339) -ignored- https://github.com/GBeurier/nirs4all/blob/main/examples/developer/04_transfer_learning/D01_transfer_analysis.py
(examples/developer: line  345) -ignored- https://github.com/GBeurier/nirs4all/blob/main/examples/developer/04_transfer_learning/D02_retrain_modes.py
(examples/developer: line  364) -ignored- https://github.com/GBeurier/nirs4all/blob/main/examples/developer/04_transfer_learning/D03_pca_geometry.py
(examples/developer: line  376) -ignored- https://github.com/GBeurier/nirs4all/blob/main/examples/developer/05_advanced_features/D01_metadata_branching.py
(examples/developer: line  382) -ignored- https://github.com/GBeurier/nirs4all/blob/main/examples/developer/05_advanced_features/D02_concat_transform.py
(examples/developer: line  388) -ignored- https://github.com/GBeurier/nirs4all/blob/main/examples/developer/05_advanced_features/D03_repetition_transform.py
(examples/developer: line  438) -ignored- https://github.com/GBeurier/nirs4all/blob/main/examples/developer/06_internals/D02_custom_controllers.py
(examples/developer: line  468) -ignored- https://github.com/GBeurier/nirs4all/blob/main/examples/developer/06_internals/D03_cache_performance.py
(examples/developer: line  474) -ignored- https://github.com/GBeurier/nirs4all/blob/main/examples/developer/06_internals/D04_parallel_branches.py
(examples/developer: line  492) -ignored- https://github.com/GBeurier/nirs4all/blob/main/examples/developer/06_internals/D05_binary_search_sampler.py
(  examples/index: line   99) -ignored- https://github.com/GBeurier/nirs4all/blob/main/examples/user/02_data_handling/U01_flexible_inputs.py
(  examples/index: line  109) -ignored- https://github.com/GBeurier/nirs4all/blob/main/examples/user/03_preprocessing/U01_preprocessing_basics.py
(  examples/index: line  133) -ignored- https://github.com/GBeurier/nirs4all/blob/main/examples/user/04_models/U01_multi_model.py
(  examples/index: line  143) -ignored- https://github.com/GBeurier/nirs4all/blob/main/examples/user/05_cross_validation/U01_cv_strategies.py
(  examples/index: line  153) -ignored- https://github.com/GBeurier/nirs4all/blob/main/examples/user/06_deployment/U01_save_load_predict.py
(  examples/index: line  163) -ignored- https://github.com/GBeurier/nirs4all/blob/main/examples/user/07_explainability/U01_shap_basics.py
(  examples/index: line  238) -ignored- https://github.com/GBeurier/nirs4all/blob/main/examples/user/01_getting_started/U03_basic_classification.py
(  examples/index: line  239) -ignored- https://github.com/GBeurier/nirs4all/blob/main/examples/user/01_getting_started/U04_visualization.py
(  examples/index: line  252) -ignored- https://github.com/GBeurier/nirs4all/blob/main/examples/user/02_data_handling/U02_multi_datasets.py
(  examples/index: line  253) -ignored- https://github.com/GBeurier/nirs4all/blob/main/examples/user/02_data_handling/U03_multi_source.py
(  examples/index: line  254) -ignored- https://github.com/GBeurier/nirs4all/blob/main/examples/user/02_data_handling/U04_wavelength_handling.py
(  examples/index: line  255) -ignored- https://github.com/GBeurier/nirs4all/blob/main/examples/user/02_data_handling/U05_synthetic_data.py
(  examples/index: line  256) -ignored- https://github.com/GBeurier/nirs4all/blob/main/examples/user/02_data_handling/U06_synthetic_advanced.py
(  examples/index: line  269) -ignored- https://github.com/GBeurier/nirs4all/blob/main/examples/user/03_preprocessing/U02_feature_augmentation.py
(  examples/index: line  270) -ignored- https://github.com/GBeurier/nirs4all/blob/main/examples/user/03_preprocessing/U03_sample_augmentation.py
(  examples/index: line  271) -ignored- https://github.com/GBeurier/nirs4all/blob/main/examples/user/03_preprocessing/U04_signal_conversion.py
(  examples/index: line  284) -ignored- https://github.com/GBeurier/nirs4all/blob/main/examples/user/04_models/U02_hyperparameter_tuning.py
(  examples/index: line  285) -ignored- https://github.com/GBeurier/nirs4all/blob/main/examples/user/04_models/U03_stacking_ensembles.py
(  examples/index: line  286) -ignored- https://github.com/GBeurier/nirs4all/blob/main/examples/user/04_models/U04_pls_variants.py
(  examples/index: line  287) -ignored- https://github.com/GBeurier/nirs4all/blob/main/examples/user/04_models/U05_advanced_finetuning.py
(  examples/index: line  288) -ignored- https://github.com/GBeurier/nirs4all/blob/main/examples/user/04_models/U06_tabpfn_nirs.py
(  examples/index: line  289) -ignored- https://github.com/GBeurier/nirs4all/blob/main/examples/user/04_models/U07_aom_panoply.py
(  examples/index: line  302) -ignored- https://github.com/GBeurier/nirs4all/blob/main/examples/user/05_cross_validation/U02_group_splitting.py
(  examples/index: line  303) -ignored- https://github.com/GBeurier/nirs4all/blob/main/examples/user/05_cross_validation/U03_sample_filtering.py
(  examples/index: line  304) -ignored- https://github.com/GBeurier/nirs4all/blob/main/examples/user/05_cross_validation/U04_aggregation.py
(  examples/index: line  305) -ignored- https://github.com/GBeurier/nirs4all/blob/main/examples/user/05_cross_validation/U05_tagging_analysis.py
(  examples/index: line  306) -ignored- https://github.com/GBeurier/nirs4all/blob/main/examples/user/05_cross_validation/U06_exclusion_strategies.py
(  examples/index: line  319) -ignored- https://github.com/GBeurier/nirs4all/blob/main/examples/user/06_deployment/U02_export_bundle.py
(  examples/index: line  320) -ignored- https://github.com/GBeurier/nirs4all/blob/main/examples/user/06_deployment/U03_workspace_management.py
(  examples/index: line  335) -ignored- https://github.com/GBeurier/nirs4all/blob/main/examples/user/07_explainability/U03_feature_selection.py
(  examples/index: line  356) -ignored- https://github.com/GBeurier/nirs4all/blob/main/examples/developer/01_advanced_pipelines/D06_separation_branches.py
(  examples/index: line  357) -ignored- https://github.com/GBeurier/nirs4all/blob/main/examples/developer/01_advanced_pipelines/D07_value_mapping.py
(  examples/index: line  446) -ignored- https://github.com/GBeurier/nirs4all/blob/main/examples/reference/R01_pipeline_syntax.py
(  examples/index: line  447) -ignored- https://github.com/GBeurier/nirs4all/blob/main/examples/reference/R02_generator_reference.py
(  examples/index: line  448) -ignored- https://github.com/GBeurier/nirs4all/blob/main/examples/reference/R03_all_keywords.py
(  examples/index: line  449) -ignored- https://github.com/GBeurier/nirs4all/blob/main/examples/reference/R05_synthetic_environmental.py
(  examples/index: line  450) -ignored- https://github.com/GBeurier/nirs4all/blob/main/examples/reference/R06_synthetic_validation.py
(  examples/index: line  451) -ignored- https://github.com/GBeurier/nirs4all/blob/main/examples/reference/R07_synthetic_fitter.py
(  examples/index: line  465) -ignored- https://github.com/GBeurier/nirs4all/tree/main/examples/developer/02_generators
(  examples/index: line  470) -ignored- https://github.com/GBeurier/nirs4all/tree/main/examples/developer/03_deep_learning
(  examples/index: line  485) -ignored- https://github.com/GBeurier/nirs4all/issues
(examples/user/preprocessing: line  379) -ignored- https://github.com/GBeurier/nirs4all/blob/main/examples/user/03_preprocessing/U05_orthogonalization.py
(examples/user/preprocessing: line  416) -ignored- https://github.com/GBeurier/nirs4all/blob/main/examples/user/03_preprocessing/U06_wavelet_denoise.py
(getting_started/installation: line  259) -ignored- https://github.com/gbeurier/nirs4all/issues
(   guide/catalog: line   13) -ignored- https://github.com/GBeurier/nirs4all-methods/tree/main/catalog
(   guide/catalog: line   22) -ignored- https://github.com/GBeurier/nirs4all-formats
(   guide/catalog: line   22) -ignored- https://github.com/GBeurier/nirs4all-io
(   guide/catalog: line   22) -ignored- https://github.com/GBeurier/nirs4all-methods
(   guide/catalog: line   22) -ignored- https://github.com/GBeurier/dag-ml
(   guide/catalog: line   22) -ignored- https://github.com/GBeurier/dag-ml-data
(  guide/datasets: line  312) -ignored- https://github.com/GBeurier/nirs4all/blob/main/examples/user/02_data_handling/U07_multimodal.py
(guide/evaluation: line  309) -ignored- https://github.com/GBeurier/nirs4all/blob/main/examples/user/04_models/U09_native_tuning_conformal.py
(guide/evaluation: line  309) -ignored- https://github.com/GBeurier/nirs4all/blob/main/examples/user/04_models/U10_native_pls_conformal_robustness.py
(guide/interfaces: line   54) -ignored- https://github.com/GBeurier/nirs4all-core/blob/main/docs/CAPABILITIES.md
( guide/languages: line  341) -ignored- https://github.com/GBeurier/nirs4all-core/blob/main/bindings/python/tests/test_native_pipeline.py
( guide/languages: line  341) -ignored- https://github.com/GBeurier/nirs4all-r/blob/main/R/native_pipeline.R
( guide/languages: line  341) -ignored- https://github.com/GBeurier/nirs4all-core/blob/main/bindings/matlab/%2Bnirs4all/NativePipeline.m
( guide/languages: line  341) -ignored- https://github.com/GBeurier/nirs4all-core/blob/main/bindings/wasm/tests/browser-native-pipeline.test.js
( guide/reference: line   39) -ignored- https://github.com/GBeurier/nirs4all/blob/main/examples/user/02_data_handling/U08_multimodal_targets.py
( guide/reference: line   39) -ignored- https://github.com/GBeurier/nirs4all/blob/main/examples/user/02_data_handling/U09_multimodal_missing_sources.py
( guide/reference: line   39) -ignored- https://github.com/GBeurier/nirs4all/blob/main/examples/user/02_data_handling/U12_multimodal_ragged_series.py
( guide/reference: line   39) -ignored- https://github.com/GBeurier/nirs4all/blob/main/examples/user/02_data_handling/U13_multimodal_late_missing_sources.py
(     guide/start: line   45) -ignored- https://github.com/GBeurier/nirs4all-core/releases
(    legacy/index: line  290) -ignored- https://github.com/gbeurier/nirs4all/blob/main/LICENSE
(migration/native_v1: line   66) -ignored- https://github.com/GBeurier/nirs4all-tools/blob/main/docs/contracts/legacy-support-matrix.v1.json
(migration/native_v1: line   66) -ignored- https://github.com/GBeurier/nirs4all-tools/blob/main/docs/legacy-support-sla.md
(migration/native_v1: line  290) -ignored- https://github.com/GBeurier/nirs4all-methods/blob/main/docs/abi/reference.md
(migration/native_v1: line  290) -ignored- https://github.com/GBeurier/nirs4all-ecosystem/tree/main/docs/contracts/runtime
(reference/configuration/cache_config: line  293) -ignored- https://github.com/GBeurier/nirs4all/blob/298dfc572917ef8626f478e35cd7478c3378b317/examples/developer/06_internals/D03_cache_performance.py
(reference/generator_keywords: line 1380) -ignored- https://github.com/nirs4all/nirs4all/blob/main/examples/developer/02_generators/D01_generator_syntax.py
(reference/generator_keywords: line 1380) -ignored- https://github.com/nirs4all/nirs4all/blob/main/examples/developer/02_generators/D02_generator_advanced.py
(reference/nodes/auto_transfer_preproc: line  297) -ignored- https://github.com/GBeurier/nirs4all/blob/main/tests/integration/parity/test_auto_transfer_preproc.py
(reference/nodes/branch: line  380) -ignored- https://github.com/GBeurier/nirs4all/blob/main/examples/developer/01_advanced_pipelines/D08_documented_multisource_stacking.py
(reference/nodes/model: line  142) -ignored- https://github.com/GBeurier/nirs4all/blob/main/examples/pipeline_samples/05_stacking_merge.yaml
(reference/nodes/repetitions: line  333) -ignored- https://github.com/GBeurier/nirs4all/blob/main/tests/unit/controllers/data/test_repetition.py
(reference/nodes/repetitions: line  333) -ignored- https://github.com/GBeurier/nirs4all/blob/main/tests/unit/controllers/data/test_rep_fusion.py
(reference/nodes/residual: line  154) -ignored- https://github.com/GBeurier/nirs4all/blob/main/tests/integration/parity/test_residual_public_syntax.py
(reference/nodes/sample_augmentation: line  171) -ignored- https://github.com/GBeurier/nirs4all/blob/main/examples/pipeline_samples/03_sample_augmentation.yaml
(reference/operator_catalog: line   50) -ignored- https://github.com/nirs4all/nirs4all/blob/main/examples/user/04_models/U01_multi_model.py
(reference/operator_catalog: line   50) -ignored- https://github.com/nirs4all/nirs4all/blob/main/examples/user/04_models/U04_pls_variants.py
(reference/operator_catalog: line   50) -ignored- https://github.com/nirs4all/nirs4all/blob/main/examples/user/03_preprocessing/U03_sample_augmentation.py
(reference/operator_catalog: line   50) -ignored- https://github.com/nirs4all/nirs4all/blob/main/examples/user/05_cross_validation/U01_cv_strategies.py
(user_guide/augmentation/sample_augmentation_guide: line  311) -ignored- https://github.com/GBeurier/nirs4all/blob/298dfc572917ef8626f478e35cd7478c3378b317/examples/user/03_preprocessing/U03_sample_augmentation.py
(user_guide/augmentation/synthetic_nirs_generator: line  544) -ignored- https://github.com/GBeurier/nirs4all/blob/298dfc572917ef8626f478e35cd7478c3378b317/examples/user/02_data_handling/U05_synthetic_data.py
(user_guide/augmentation/synthetic_nirs_generator: line  545) -ignored- https://github.com/GBeurier/nirs4all/blob/298dfc572917ef8626f478e35cd7478c3378b317/examples/user/02_data_handling/U06_synthetic_advanced.py
(user_guide/augmentation/synthetic_nirs_generator: line  546) -ignored- https://github.com/GBeurier/nirs4all/tree/298dfc572917ef8626f478e35cd7478c3378b317/examples/developer/02_generators
(user_guide/data/aggregation: line  494) -ignored- https://github.com/GBeurier/nirs4all/blob/298dfc572917ef8626f478e35cd7478c3378b317/examples/user/05_cross_validation/U02_group_splitting.py
(user_guide/data/aggregation: line  495) -ignored- https://github.com/GBeurier/nirs4all/blob/298dfc572917ef8626f478e35cd7478c3378b317/examples/developer/05_advanced_features/D03_repetition_transform.py
(user_guide/data/loading_data: line  406) -ignored- https://github.com/GBeurier/nirs4all/blob/298dfc572917ef8626f478e35cd7478c3378b317/examples/user/02_data_handling/U02_multi_datasets.py
(user_guide/data/sample_filtering: line  526) -ignored- https://github.com/GBeurier/nirs4all/blob/298dfc572917ef8626f478e35cd7478c3378b317/examples/user/05_cross_validation/U03_sample_filtering.py
(user_guide/data/sample_filtering: line  527) -ignored- https://github.com/GBeurier/nirs4all/blob/298dfc572917ef8626f478e35cd7478c3378b317/examples/user/05_cross_validation/U05_tagging_analysis.py
(user_guide/data/sample_filtering: line  528) -ignored- https://github.com/GBeurier/nirs4all/blob/298dfc572917ef8626f478e35cd7478c3378b317/examples/user/05_cross_validation/U06_exclusion_strategies.py
(user_guide/data/synthetic_data: line  911) -ignored- https://github.com/GBeurier/nirs4all/blob/298dfc572917ef8626f478e35cd7478c3378b317/examples/developer/02_generators/D05_synthetic_custom_components.py
(user_guide/deployment/export_bundles: line  383) -ignored- https://github.com/GBeurier/nirs4all/blob/298dfc572917ef8626f478e35cd7478c3378b317/examples/user/06_deployment/U01_save_load_predict.py
(user_guide/deployment/prediction_model_reuse: line   51) -ignored- https://github.com/GBeurier/nirs4all/blob/298dfc572917ef8626f478e35cd7478c3378b317/examples/user/06_deployment/U04_sklearn_integration.py
(user_guide/deployment/retrain_transfer: line  326) -ignored- https://github.com/GBeurier/nirs4all/blob/298dfc572917ef8626f478e35cd7478c3378b317/examples/developer/04_transfer_learning/D01_transfer_analysis.py
(user_guide/deployment/retrain_transfer: line  327) -ignored- https://github.com/GBeurier/nirs4all/blob/298dfc572917ef8626f478e35cd7478c3378b317/examples/developer/04_transfer_learning/D02_retrain_modes.py
(user_guide/models/deep_learning: line  438) -ignored- https://github.com/GBeurier/nirs4all/blob/298dfc572917ef8626f478e35cd7478c3378b317/examples/developer/03_deep_learning/D01_pytorch_models.py
(user_guide/models/deep_learning: line  439) -ignored- https://github.com/GBeurier/nirs4all/blob/298dfc572917ef8626f478e35cd7478c3378b317/examples/developer/03_deep_learning/D02_jax_models.py
(user_guide/models/deep_learning: line  440) -ignored- https://github.com/GBeurier/nirs4all/blob/298dfc572917ef8626f478e35cd7478c3378b317/examples/developer/03_deep_learning/D03_tensorflow_models.py
(user_guide/models/hyperparameter_tuning: line  511) -ignored- https://github.com/GBeurier/nirs4all/blob/298dfc572917ef8626f478e35cd7478c3378b317/examples/user/04_models/U02_hyperparameter_tuning.py
(user_guide/models/hyperparameter_tuning: line  512) -ignored- https://github.com/GBeurier/nirs4all/blob/298dfc572917ef8626f478e35cd7478c3378b317/examples/user/04_models/U05_advanced_finetuning.py
(user_guide/models/hyperparameter_tuning: line  513) -ignored- https://github.com/GBeurier/nirs4all/blob/298dfc572917ef8626f478e35cd7478c3378b317/examples/user/04_models/U08_native_finetuning.py
(user_guide/models/training: line  450) -ignored- https://github.com/GBeurier/nirs4all/blob/298dfc572917ef8626f478e35cd7478c3378b317/examples/user/01_getting_started/U01_hello_world.py
(user_guide/models/training: line  451) -ignored- https://github.com/GBeurier/nirs4all/blob/298dfc572917ef8626f478e35cd7478c3378b317/examples/user/01_getting_started/U02_basic_regression.py
(user_guide/pipelines/branching: line  312) -ignored- https://github.com/GBeurier/nirs4all/blob/298dfc572917ef8626f478e35cd7478c3378b317/examples/developer/01_advanced_pipelines/D02_branching_advanced.py
(user_guide/pipelines/branching: line  313) -ignored- https://github.com/GBeurier/nirs4all/blob/298dfc572917ef8626f478e35cd7478c3378b317/examples/developer/01_advanced_pipelines/D06_separation_branches.py
(user_guide/pipelines/generators: line  555) -ignored- https://github.com/GBeurier/nirs4all/blob/298dfc572917ef8626f478e35cd7478c3378b317/examples/developer/02_generators/D03_generator_iterators.py
(user_guide/pipelines/merging: line  630) -ignored- https://github.com/GBeurier/nirs4all/blob/298dfc572917ef8626f478e35cd7478c3378b317/examples/developer/01_advanced_pipelines/D03_merge_basics.py
(user_guide/pipelines/merging: line  631) -ignored- https://github.com/GBeurier/nirs4all/blob/298dfc572917ef8626f478e35cd7478c3378b317/examples/developer/01_advanced_pipelines/D04_merge_sources.py
(user_guide/pipelines/stacking: line  406) -ignored- https://github.com/GBeurier/nirs4all/blob/298dfc572917ef8626f478e35cd7478c3378b317/examples/user/04_models/U03_stacking_ensembles.py
(user_guide/pipelines/stacking: line  407) -ignored- https://github.com/GBeurier/nirs4all/blob/298dfc572917ef8626f478e35cd7478c3378b317/examples/developer/01_advanced_pipelines/D05_meta_stacking.py
(user_guide/pipelines/writing_pipelines: line 1626) -ignored- https://github.com/GBeurier/nirs4all/blob/298dfc572917ef8626f478e35cd7478c3378b317/examples/reference/R01_pipeline_syntax.py
(user_guide/predictions/analyzing_results: line  419) -ignored- https://github.com/GBeurier/nirs4all/blob/298dfc572917ef8626f478e35cd7478c3378b317/examples/user/01_getting_started/U04_visualization.py
(user_guide/preprocessing/overview: line  263) -ignored- https://github.com/GBeurier/nirs4all/blob/298dfc572917ef8626f478e35cd7478c3378b317/examples/user/03_preprocessing/U01_preprocessing_basics.py
(user_guide/preprocessing/overview: line  264) -ignored- https://github.com/GBeurier/nirs4all/blob/298dfc572917ef8626f478e35cd7478c3378b317/examples/user/03_preprocessing/U02_feature_augmentation.py
(user_guide/visualization/shap: line  404) -ignored- https://github.com/GBeurier/nirs4all/blob/298dfc572917ef8626f478e35cd7478c3378b317/examples/user/07_explainability/U01_shap_basics.py
(user_guide/visualization/shap: line  405) -ignored- https://github.com/GBeurier/nirs4all/blob/298dfc572917ef8626f478e35cd7478c3378b317/examples/user/07_explainability/U02_shap_sklearn.py
(user_guide/visualization/shap: line  406) -ignored- https://github.com/GBeurier/nirs4all/blob/298dfc572917ef8626f478e35cd7478c3378b317/examples/user/07_explainability/U03_feature_selection.py
(_generated_api/nirs4all.operators.models.tensorflow.legacy.inception_1d_cnn: line    1) ok        https://arxiv.org/abs/1409.4842
(_generated_api/nirs4all.operators.models.tensorflow.legacy.inception_1d_cnn: line    1) ok        https://arxiv.org/abs/1602.07261
(_generated_api/nirs4all.operators.models.tensorflow.legacy.vgg_1d_cnn: line    1) ok        https://arxiv.org/abs/1409.1556
(_generated_api/nirs4all.operators.models.tensorflow.legacy.inception_1d_cnn: line    1) redirect  http://arxiv.org/abs/1512.00567 - permanently to https://arxiv.org/abs/1512.00567
(_generated_api/nirs4all.operators.models.sklearn.lwpls: line   18) ok        https://datachemeng.com/locallyweightedpartialleastsquares/
(_generated_api/nirs4all.analysis.playground_dataset: line    1) ok        https://docs.python.org/3/builtins/constants.html#None
(_generated_api/nirs4all.config.validator: line    1) ok        https://docs.python.org/3/builtins/exceptions.html#Exception
(_generated_api/nirs4all.pipeline.storage.library: line    2) ok        https://docs.python.org/3/builtins/exceptions.html#FileExistsError
(_generated_api/nirs4all.api.calibrate: line    1) ok        https://docs.python.org/3/builtins/exceptions.html#NotImplementedError
(developer/testing: line  506) redirect  https://docs.pytest.org/ - with Found to https://docs.pytest.org/en/stable/
(_generated_api/nirs4all.api.result: line    2) ok        https://docs.python.org/3/builtins/exceptions.html#TypeError
(_generated_api/nirs4all.api.result: line    2) ok        https://docs.python.org/3/builtins/exceptions.html#KeyError
(_generated_api/nirs4all.api.native_archive_training: line    1) ok        https://docs.python.org/3/builtins/exceptions.html#RuntimeError
(_generated_api/nirs4all.api.explain: line    2) ok        https://docs.python.org/3/builtins/exceptions.html#FileNotFoundError
(_generated_api/nirs4all.analysis.presets: line    2) ok        https://docs.python.org/3/builtins/exceptions.html#ValueError
(_generated_api/nirs4all.analysis.results: line    1) ok        https://docs.python.org/3/builtins/functions.html#bool
(_generated_api/nirs4all.analysis.results: line    2) ok        https://docs.python.org/3/builtins/exceptions.html#ImportError
(_generated_api/nirs4all.analysis.playground_distances: line    1) ok        https://docs.python.org/3/builtins/functions.html#complex
(_generated_api/nirs4all.analysis.playground_dataset: line    1) ok        https://docs.python.org/3/builtins/functions.html#int
(_generated_api/nirs4all.analysis.playground_dataset: line    1) ok        https://docs.python.org/3/builtins/functions.html#object
(_generated_api/nirs4all.operators.models.sklearn.aom_ridge: line    2) ok        https://docs.python.org/3/builtins/functions.html#slice
(_generated_api/nirs4all.analysis.playground_distances: line    1) ok        https://docs.python.org/3/builtins/stdtypes.html#bytes
(_generated_api/nirs4all.pipeline.config.generator: line    1) ok        https://docs.python.org/3/builtins/functions.html#type
(_generated_api/nirs4all.pipeline.dagml.full_train: line    1) ok        https://docs.python.org/3/builtins/exceptions.html#UserWarning
(_generated_api/nirs4all.analysis.results: line    1) ok        https://docs.python.org/3/builtins/functions.html#float
(_generated_api/nirs4all.analysis.playground_dataset: line    1) ok        https://docs.python.org/3/builtins/stdtypes.html#dict
(_generated_api/nirs4all.analysis.playground_execution: line    1) ok        https://docs.python.org/3/builtins/stdtypes.html#list
(_generated_api/nirs4all.data.raw_multisource: line    1) ok        https://docs.python.org/3/builtins/stdtypes.html#frozenset
(_generated_api/nirs4all.analysis.playground_dataset: line    1) ok        https://docs.python.org/3/builtins/stdtypes.html#tuple
(_generated_api/nirs4all.controllers.base: line    1) ok        https://docs.python.org/3/library/abc.html#abc.ABC
(_generated_api/nirs4all.analysis.playground_dataset: line    1) ok        https://docs.python.org/3/builtins/stdtypes.html#str
(_generated_api/nirs4all.data.relations: line    1) ok        https://docs.python.org/3/builtins/stdtypes.html#set
(_generated_api/nirs4all.analysis.playground_execution: line    1) ok        https://docs.python.org/3/library/collections.abc.html#collections.abc.Callable
(_generated_api/nirs4all.api.session: line    1) ok        https://docs.python.org/3/library/collections.abc.html#collections.abc.Generator
(_generated_api/nirs4all.pipeline.analysis.model_diagnostics: line    1) ok        https://docs.python.org/3/library/collections.abc.html#collections.abc.Hashable
(_generated_api/nirs4all.controllers.models.pipeline_cv: line    1) ok        https://docs.python.org/3/library/collections.abc.html#collections.abc.Iterable
(_generated_api/nirs4all.core.logging.progress: line    1) ok        https://docs.python.org/3/library/collections.abc.html#collections.abc.Iterator
(_generated_api/nirs4all.api.calibrate: line    1) ok        https://docs.python.org/3/library/collections.abc.html#collections.abc.Mapping
(_generated_api/nirs4all.api.native_training: line    1) ok        https://docs.python.org/3/library/collections.abc.html#collections.abc.Sequence
(_generated_api/nirs4all.pipeline.config.context: line    1) ok        https://docs.python.org/3/library/collections.abc.html#collections.abc.MutableMapping
(_generated_api/nirs4all.core.logging.context: line    2) ok        https://docs.python.org/3/library/datetime.html#datetime.datetime
(_generated_api/nirs4all.controllers.models.stacking.classification: line    1) ok        https://docs.python.org/3/library/enum.html#enum.Enum
(_generated_api/nirs4all.pipeline.dagml.resources: line    3) ok        https://docs.python.org/3/library/contextvars.html#contextvars.ContextVar
(_generated_api/nirs4all.pipeline.dagml.resources: line    1) ok        https://docs.python.org/3/library/contextvars.html#contextvars.Token
(_generated_api/nirs4all.core.logging.events: line    1) ok        https://docs.python.org/3/library/enum.html#enum.StrEnum
(_generated_api/nirs4all.data.detection.detector: line    1) ok        https://docs.python.org/3/library/io.html#io.StringIO
(_generated_api/nirs4all.pipeline.storage.store_schema: line    1) ok        https://docs.python.org/3/library/sqlite3.html#sqlite3.Connection
(_generated_api/nirs4all.core.logging.config: line    1) ok        https://docs.python.org/3/library/logging.html#logging.Logger
(_generated_api/nirs4all.core.logging.config: line    1) ok        https://docs.python.org/3/library/logging.html#logging.LogRecord
(_generated_api/nirs4all.core.logging.handlers: line    1) ok        https://docs.python.org/3/library/logging.html#logging.Handler
(_generated_api/nirs4all.api.calibrate: line    1) ok        https://docs.python.org/3/library/pathlib.html#pathlib.Path
(_generated_api/nirs4all.api.inspector_views: line    1) ok        https://docs.python.org/3/library/typing.html#typing.Annotated
(_generated_api/nirs4all.analysis.playground_dataset: line    1) ok        https://docs.python.org/3/library/typing.html#typing.Any
(_generated_api/nirs4all.data.loaders.archive_loader: line    1) ok        https://docs.python.org/3/library/typing.html#typing.ClassVar
(_generated_api/nirs4all.operators.models.sklearn.aom_fast: line    1) ok        https://docs.python.org/3/library/typing.html#typing.Dict
(_generated_api/nirs4all.operators.models.sklearn.aom_fast: line    1) ok        https://docs.python.org/3/library/typing.html#typing.FrozenSet
(_generated_api/nirs4all.pipeline.dagml.process_adapter: line    1) ok        https://docs.python.org/3/library/typing.html#typing.IO
(_generated_api/nirs4all.api.advanced_capabilities: line    1) ok        https://docs.python.org/3/library/typing.html#typing.Literal
(_generated_api/nirs4all.operators.models.sklearn.aom_fast: line    1) ok        https://docs.python.org/3/library/typing.html#typing.Iterable
(_generated_api/nirs4all.operators.models.sklearn.aom_fast: line    1) ok        https://docs.python.org/3/library/typing.html#typing.List
(_generated_api/nirs4all.operators.models.multimodal: line    1) ok        https://docs.python.org/3/library/typing.html#typing.Self
(_generated_api/nirs4all.pipeline.dagml.estimator: line    1) ok        https://docs.python.org/3/library/typing.html#typing.Protocol
(_generated_api/nirs4all.operators.models.sklearn.aom_fast: line    1) ok        https://docs.python.org/3/library/typing.html#typing.Sequence
(_generated_api/nirs4all.operators.models.sklearn.aom_fast: line    1) ok        https://docs.python.org/3/library/typing.html#typing.Tuple
(_generated_api/nirs4all.synthesis.products: line   36) ok        https://fdc.nal.usda.gov/
(_generated_api/nirs4all.operators.models.sklearn.robust_pls: line    1) ok        https://numpy.org/doc/stable/reference/arrays.scalars.html#numpy.bool
(_generated_api/nirs4all.operators.models.sklearn.aom_pls_aomlib: line    1) ok        https://numpy.org/doc/stable/reference/arrays.scalars.html#numpy.floating
(_generated_api/nirs4all.analysis.playground_metrics: line    1) ok        https://numpy.org/doc/stable/reference/generated/numpy.ndarray.html#numpy.ndarray
(_generated_api/nirs4all.synthesis.domains: line    1) ok        https://numpy.org/doc/stable/reference/random/generator.html#numpy.random.Generator
(_generated_api/nirs4all.analysis.playground_distances: line    1) ok        https://numpy.org/doc/stable/reference/generated/numpy.dtype.html#numpy.dtype
(_generated_api/nirs4all.operators.methods.n4m_ops: line    3) ok        https://scikit-learn.org/stable/glossary.html#term-meta-estimator
(_generated_api/nirs4all.operators.models.sklearn.simpls: line   11) redirect  https://doi.org/10.1016/0169-7439(93)85002-X - with Found to https://linkinghub.elsevier.com/retrieve/pii/016974399385002X
(_generated_api/nirs4all.operators.methods.n4m_ops: line    3) ok        https://scikit-learn.org/stable/metadata_routing.html#metadata-routing
(_generated_api/nirs4all.api.general_transfer: line    1) ok        https://scikit-learn.org/stable/modules/generated/sklearn.base.BaseEstimator.html#sklearn.base.BaseEstimator
(_generated_api/nirs4all.operators.models.multimodal: line    1) ok        https://scikit-learn.org/stable/modules/generated/sklearn.base.ClassifierMixin.html#sklearn.base.ClassifierMixin
(_generated_api/nirs4all.operators.methods.n4m_ops: line    1) ok        https://scikit-learn.org/stable/modules/generated/sklearn.base.RegressorMixin.html#sklearn.base.RegressorMixin
(_generated_api/nirs4all.api.general_transfer: line    1) ok        https://scikit-learn.org/stable/modules/generated/sklearn.base.TransformerMixin.html#sklearn.base.TransformerMixin
(_generated_api/nirs4all.operators.transforms.fck_static: line    3) ok        https://scikit-learn.org/stable/modules/generated/sklearn.base.clone.html#sklearn.base.clone
(_generated_api/nirs4all.operators.methods.n4m_ops: line    3) ok        https://scikit-learn.org/stable/modules/generated/sklearn.cross_decomposition.PLSRegression.html#sklearn.cross_decomposition.PLSRegression
(_generated_api/nirs4all.operators.models.sklearn.aom_ridge: line   27) ok        https://scikit-learn.org/stable/modules/generated/sklearn.metrics.r2_score.html#sklearn.metrics.r2_score
(_generated_api/nirs4all.operators.models.sklearn.aom_ridge: line   27) ok        https://scikit-learn.org/stable/modules/generated/sklearn.multioutput.MultiOutputRegressor.html#sklearn.multioutput.MultiOutputRegressor
(_generated_api/nirs4all.operators.models.sklearn.opls: line    3) ok        https://scikit-learn.org/stable/modules/generated/sklearn.pipeline.Pipeline.html#sklearn.pipeline.Pipeline
(_generated_api/nirs4all.operators.methods.n4m_ops: line    3) ok        https://scikit-learn.org/stable/modules/generated/sklearn.set_config.html#sklearn.set_config
(_generated_api/nirs4all.operators.models.sklearn.aom_ridge: line    1) ok        https://scikit-learn.org/stable/modules/model_evaluation.html#r2-score
(_generated_api/nirs4all.operators.splitters.splitters: line   64) ok        https://scikit-learn.org/stable/modules/generated/sklearn.model_selection.StratifiedGroupKFold.html#sklearn.model_selection.StratifiedGroupKFold
(_generated_api/nirs4all.data.loaders.base: line    1) ok        https://pandas.pydata.org/docs/reference/api/pandas.DataFrame.html#pandas.DataFrame
(_generated_api/nirs4all.operators.transforms.nirs: line  106) redirect  https://pybaselines.readthedocs.io/ - with Found to https://pybaselines.readthedocs.io/en/latest/
(getting_started/installation: line   75) ok        https://pytorch.org/get-started/locally/
build succeeded.

Look for any errors in the above output or in ../../../../tmp/nirs4all-sdk148-linkcheck/output.txt
