variant,median_rmsep,median_delta_pct_vs_control,wins_vs_control,losses_vs_control,n_pairs,wilcoxon_p_vs_control,n_ref_datasets_ridge,n_ref_pairs_ridge,med_delta_vs_ridge_pct,n_ref_datasets_pls,n_ref_pairs_pls,med_delta_vs_pls_pct,n_ref_datasets_tabpfn_raw,n_ref_pairs_tabpfn_raw,med_delta_vs_tabpfn_raw_pct,n_ref_datasets_tabpfn_opt,n_ref_pairs_tabpfn_opt,med_delta_vs_tabpfn_opt_pct,n_ref_datasets_cnn,n_ref_pairs_cnn,med_delta_vs_cnn_pct,n_ref_datasets_catboost,n_ref_pairs_catboost,med_delta_vs_catboost_pct,n_ref_datasets_aom_ridge_curated_best,n_ref_pairs_aom_ridge_curated_best,med_delta_vs_aom_ridge_curated_best_pct
V2L-Residual-AOMPLS,2.709401647951644,-8.4772908379876,36,14,50,7.500770700019643e-05,10,50,5.427224595289952,10,50,1.5805946522345153,10,50,5.8703756896473305,10,50,19.78032167146876,9,45,-3.006977295952698,10,50,3.829136440161368,7,35,3.693372259477961
Ridge-baseline,2.678306138160258,0.0,-1,-1,50,,10,50,17.641378942437292,10,50,15.902800315675519,10,50,8.494249543699175,10,50,34.71945964240462,9,45,4.4672804070698025,10,50,1.1984678736768963,7,35,7.621422799848308
V2L-Boost-AOMPLS,3.2076763748324186,5.6423079027591445,16,34,50,0.7376605378038441,10,50,17.498948898077387,10,50,12.97134392790998,10,50,12.233150083547464,10,50,37.92871383337495,9,45,3.4669112015364614,10,50,10.282938133185665,7,35,19.74445285372272
V2L-learnableRMS,3.136602916473892,13.97393901895131,18,32,50,0.5462652589115535,10,50,19.572047518188327,10,50,14.681536232273922,10,50,16.53679637095701,10,50,41.558712170531976,9,45,5.505248774299035,10,50,15.352004639690437,7,35,24.245986356703742
