variant,median_rmsep,median_delta_pct,wins,losses,n_pairs,wilcoxon_p
Stack-Ridge-PLS-V1aHead,0.4308122351449017,-0.0306625215452569,19,18,37,0.9881085285160225
Stack-Ridge-PLS-V1c,0.395497770703811,0.3809235007448228,16,21,37,0.24859463758184575
Stack-Ridge-PLS,0.3953855487821307,0.5348488817346698,15,22,37,0.4642457077279687
PLS-baseline,0.4031967428165416,2.8824953003838685,7,30,37,0.0002882810222217813
NiconV1c-concat-bjerrum,1.332433061361562,56.334066239130244,3,34,37,1.103180693462491e-07
