variant,median_rmsep,median_delta_pct_vs_control,wins_vs_control,losses_vs_control,n_pairs,wilcoxon_p_vs_control,n_ref_datasets_ridge,n_ref_pairs_ridge,med_delta_vs_ridge_pct,n_ref_datasets_pls,n_ref_pairs_pls,med_delta_vs_pls_pct,n_ref_datasets_tabpfn_raw,n_ref_pairs_tabpfn_raw,med_delta_vs_tabpfn_raw_pct,n_ref_datasets_tabpfn_opt,n_ref_pairs_tabpfn_opt,med_delta_vs_tabpfn_opt_pct,n_ref_datasets_cnn,n_ref_pairs_cnn,med_delta_vs_cnn_pct,n_ref_datasets_catboost,n_ref_pairs_catboost,med_delta_vs_catboost_pct,n_ref_datasets_aom_ridge_curated_best,n_ref_pairs_aom_ridge_curated_best,med_delta_vs_aom_ridge_curated_best_pct
Ridge-baseline,0.4494594145177091,0.0,-1,-1,38,,39,39,2.6067284028434443,39,39,-0.03754985802262208,39,39,-0.9269984314111666,39,39,7.488055949483198,34,34,-10.122771332913947,39,39,-2.847527607398927,39,39,8.829931125196321
PLS-baseline,0.453767389075681,2.9319889744768965,7,31,38,0.00016223934653680772,38,38,6.593544606966267,38,38,4.688776794592038,38,38,1.3935172553756239,38,38,10.066929968384972,34,34,-7.387354906123007,38,38,0.2424721862141399,38,38,12.57950706194346
V6b-LucasPretrained-V2M,0.7495622022915744,23.52515210888419,5,33,38,5.802794476039708e-07,39,39,33.306292334780565,39,39,31.77152288842165,39,39,15.38723508881187,39,39,30.466069254371092,34,34,6.656792072964279,39,39,10.384141346271765,39,39,39.78715616819119
V2L-learnableRMS,0.8456084277515228,29.52127756634398,4,34,38,1.6962658264674246e-06,39,39,33.91802940597998,39,39,32.3762169660036,39,39,14.97068994229548,39,39,27.139001228652248,34,34,6.498859557658246,39,39,10.656981880339107,39,39,40.46299972297032
